n, x0, x1, s, d, y, c, rx0, rx1, truey at xrecc, taq, tev, trc, realtime, condition, aqauxdata
1, -0.8375769218529694, 0.07224719902994825, 0.0, [nan], 788.2901624504718, 1.0, -0.8375769218529694, 0.07224719902994825, 788.2901624504718,0.0002949999999999342, 0.00022100000000002673, 5.499999999991623e-05, 11:15:40  13-04-20,0.0,host broman-Aspire-V5-591G
2, -0.5705858898478744, -0.9333055514052968, 0.0, [nan], 1078.5375488831305, 1.0, -0.8375769218529694, 0.07224719902994825, 788.2901624504718,0.00016199999999999548, 0.00015999999999993797, 4.899999999996574e-05, 11:15:40  13-04-20,0.0,host broman-Aspire-V5-591G
3, -0.8632571392220532, 0.383603916676859, 0.0, [nan], 555.2349249403901, 1.0, -0.8632571392220532, 0.383603916676859, 555.2349249403901,0.00013900000000011126, 0.00015699999999996272, 4.599999999999049e-05, 11:15:40  13-04-20,0.0,host broman-Aspire-V5-591G
4, 0.8186356368230596, 0.2957429362111841, 0.0, [nan], 486.7446062067508, 1.0, 0.8186356368230596, 0.2957429362111841, 486.7446062067508,0.0001389999999998892, 0.00013900000000011126, 4.500000000007276e-05, 11:15:40  13-04-20,0.0,host broman-Aspire-V5-591G
5, -0.5257020954744607, 0.1305409945066156, 0.0, [nan], 83.84336166841442, 1.0, -0.5257020954744607, 0.1305409945066156, 83.84336166841442,0.00013599999999991397, 0.00014300000000000423, 4.399999999993298e-05, 11:15:40  13-04-20,0.0,host broman-Aspire-V5-591G
6, 0.6685427088457101, 0.9610570842740236, 0.0, [nan], 1.012451058695099, 1.0, 0.6685427088457101, 0.9610570842740236, 1.012451058695099,0.00013299999999993872, 0.00013799999999997148, 4.4000000000155026e-05, 11:15:40  13-04-20,0.0,host broman-Aspire-V5-591G
7, -0.5724000916711658, -0.5752919959226603, 0.0, [nan], 656.2074417824966, 1.0, 0.6685427088457101, 0.9610570842740236, 1.012451058695099,0.000132000000000021, 0.00013799999999997148, 4.4999999999850715e-05, 11:15:40  13-04-20,0.0,host broman-Aspire-V5-591G
8, -0.12436922597278355, 0.08611893562541839, 0.0, [nan], 2.817413372638489, 1.0, 0.6685427088457101, 0.9610570842740236, 1.012451058695099,0.000132000000000021, 0.00015100000000001224, 4.700000000013027e-05, 11:15:40  13-04-20,0.0,host broman-Aspire-V5-591G
9, -0.8340136360483466, 0.3001856610528315, 0.0, [nan], 537.5710117501224, 1.0, 0.6685427088457101, 0.9610570842740236, 1.012451058695099,0.00012599999999984846, 0.00013800000000019352, 4.399999999993298e-05, 11:15:40  13-04-20,0.0,host broman-Aspire-V5-591G
10, 0.9103921789234788, -0.42151137759478674, 0.0, [nan], 1883.9192153315955, 1.0, 0.6685427088457101, 0.9610570842740236, 1.012451058695099,0.00012699999999998823, 0.00013499999999999623, 4.6999999999908226e-05, 11:15:40  13-04-20,0.0,host broman-Aspire-V5-591G
11, 0.17138301922835256, 0.10810122935245241, 0.0, [nan], 1.3854491361726962, 1.0, 0.6685414821044322, 0.9610570795236429, 1.0125778196445872,50.55337, 0.00026199999999931833, 0.11572300000000268, 11:16:22  13-04-20,1e-19,AQvalue [1.46],HYPstats {'mean': array([4.53   1.63  0.02])  'std': array([2.66e-05  8.53e-02  2.69e-04])  'min': array([4.53  1.43  0.02])  'max': array([4.53  1.74  0.02])},HYPdraws [array([4.53  1.61  0.02])  array([4.53  1.49   0.02])  array([4.53  1.72  0.02])  array([4.53  1.65  0.02])  array([4.53  1.72  0.02])  array([4.53  1.73  0.02])  array([4.53  1.62  0.02])  array([4.53  1.54  0.02])  array([4.53  1.72  0.02])  array([4.53  1.62  0.02])  array([4.53  1.52  0.02])  array([4.53  1.74  0.02])  array([4.53  1.67   0.02])  array([4.53  1.54  0.02])  array([4.53  1.63  0.02])  array([4.53  1.70  0.02])  array([4.53  1.71  0.02])  array([4.53  1.70  0.02  ])  array([4.53  1.66  0.02])  array([4.53  1.59   0.02])  array([4.53  1.70  0.02])  array([4.53  1.43  0.02])  array([4.53  1.63  0.02])  array([4.53  1.60  0.02])  array([4.53  1.60  0.02])  array([4.53  1.47  0.02])  array([4.53  1.74  0.02])  array([4.53  1.70  0.02])],mindraws [[0.16 0.09 ]; [0.14 0.09]; [0.15  0.09]; [0.17 0.09]; [0.18 0.09]; [0.17 0.09]; [0.15 0.09]; [0.15 0.09]; [0.14 0.09 ]; [0.16 0.09 ]; [0.16 0.09]; [0.16 0.09]; [0.18 0.09]; [0.15 0.09]; [0.15 0.09]; [0.18 0.09]; [0.17 0.09]; [0.18 0.09]; [0.16  0.09    ]; [0.15 0.09]; [0.14  0.09]; [0.17 0.09]; [0.16 0.09]; [0.17 0.09]; [0.18 0.09 ]; [0.15 0.09]; [0.21 0.09]; [0.16 0.09]; [0.19 0.09]; [0.16 0.09]; [0.16 0.09]; [0.18 0.09]; [0.15 0.09]; [0.16 0.09]; [0.17  0.09]; [0.14 0.09 ]],DIRECTmessage b'CONVERGENCE: NORM_OF_PROJECTED_GRADIENT_<=_PGTOL',PESmin [-1.46],kindex 9,PIatX [1.],host broman-Aspire-V5-591Gstart [0.66 0.96 ],H [[ 3.79e+02 -5.89e-07]; [-5.89e-07  1.52e+06]],reuseH [array([4.53  1.61  0.02])  array([4.53  1.49   0.02])  array([4.53  1.72  0.02])  array([4.53  1.65  0.02])  array([4.53  1.72  0.02])  array([4.53  1.73  0.02])  array([4.53  1.62  0.02])  array([4.53  1.54  0.02])  array([4.53  1.72  0.02])  array([4.53  1.62  0.02])  array([4.53  1.52  0.02])  array([4.53  1.74  0.02])  array([4.53  1.67   0.02])  array([4.53  1.54  0.02])  array([4.53  1.63  0.02])  array([4.53  1.70  0.02])  array([4.53  1.71  0.02])  array([4.53  1.70  0.02  ])  array([4.53  1.66  0.02])  array([4.53  1.59   0.02])  array([4.53  1.70  0.02])  array([4.53  1.43  0.02])  array([4.53  1.63  0.02])  array([4.53  1.60  0.02])  array([4.53  1.60  0.02])  array([4.53  1.47  0.02])  array([4.53  1.74  0.02])  array([4.53  1.70  0.02])],offsetEI 1.01,ppveatx 0.99,rpve 0.01,log10GRest 1.49,Gstuff [array([[ 0.83   0.03] ;       [ 0.52  -0.95] ;       [ 0.87   0.34] ;       [-0.80   0.33] ;       [ 0.53   0.10] ;       [-0.62   0.98] ;       [ 0.54  -0.59] ;       [ 0.12    0.08] ;       [ 0.84   0.26] ;       [-0.92   -0.38]])  array([[7.88e+02] ;       [1.07e+03] ;       [5.55e+02] ;       [4.86e+02] ;       [8.38e+01] ;       [1.01e+00] ;       [6.56e+02] ;       [2.81e+00] ;       [5.37e+02] ;       [1.88e+03]])  array([[1.e-19] ;       [1.e-19] ;       [1.e-19] ;       [1.e-19] ;       [1.e-19] ;       [1.e-19] ;       [1.e-19] ;       [1.e-19] ;       [1.e-19] ;       [1.e-19]])  [[nan]  [nan]  [nan]  [nan]  [nan]  [nan]  [nan]  [nan]  [nan]  [nan]]  9  array([2.  3.  3.])  array([0.5   0.15  0.15])  28  'gamma']
12, 0.07512936077952401, 0.08632011447187875, 0.0, [nan], 3.060186578207529, 1.0, 0.6685409834386864, 0.9610570795648838, 1.0126294257553106,46.513827000000006, 0.00032399999999199736, 0.11394699999999602, 11:17:04  13-04-20,1e-19,AQvalue [1.09],HYPstats {'mean': array([4.53  0.73  0.03])  'std': array([3.98e-05  1.13e-02  3.54e-04])  'min': array([4.53   0.71  0.03])  'max': array([4.53  0.74  0.03])},HYPdraws [array([4.53  0.74  0.03])  array([4.53  0.72  0.03])  array([4.53  0.72  0.03])  array([4.53  0.74  0.03])  array([4.53  0.74  0.03])  array([4.53  0.72  0.03])  array([4.53  0.72  0.03 ])  array([4.53  0.71   0.03])  array([4.53  0.74  0.03])  array([4.53  0.71  0.03])  array([4.53  0.72  0.03])  array([4.53  0.71   0.03])  array([4.53   0.74  0.03 ])  array([4.53  0.71  0.03])  array([4.53  0.74   0.03])  array([4.53  0.74  0.03])  array([4.53  0.73  0.03])  array([4.53  0.72  0.03 ])  array([4.53  0.74  0.03])  array([4.53  0.72  0.03])  array([4.53  0.73  0.03])  array([4.53  0.73    0.03 ])  array([4.53  0.73  0.03])  array([4.53  0.71  0.03])  array([4.53   0.74  0.03])  array([4.53   0.71  0.03])  array([4.53  0.72  0.03])  array([4.53  0.73  0.03])],mindraws [[-0.00   0.09]; [-0.00  0.09]; [-0.00  0.09]; [-0.00  0.09]; [-0.00  0.09]; [-0.00  0.09]; [ 0.00  0.09]; [-0.00  0.09]; [-0.01  0.09]; [-0.00  0.09]; [-0.00  0.09 ]; [-0.01  0.09 ]; [-0.00  0.09]; [-0.01   0.09]; [-0.00  0.09]; [-0.00  0.09]; [-0.01  0.09]; [-0.01  0.09]; [-0.00  0.09]; [-0.01  0.09]; [-0.00   0.09]; [-0.00  0.09]; [-0.00  0.09]; [-0.00  0.09]; [-0.00  0.09]; [-0.00  0.09]; [-0.00  0.09]; [ 0.00  0.09]; [-0.00  0.09]; [-0.00  0.09]; [-0.00  0.09]; [-0.01  0.09]; [-0.00  0.09]; [-0.00  0.09]; [-0.00  0.09 ]; [-0.00  0.09]],DIRECTmessage b'CONVERGENCE: NORM_OF_PROJECTED_GRADIENT_<=_PGTOL',PESmin [-1.09],kindex 9,PIatX [1.],host broman-Aspire-V5-591Gstart [0.66 0.96],H [[1.71e+03 1.46e-06]; [1.46e-06 7.69e+05]],reuseH [array([4.53  0.74  0.03])  array([4.53  0.72  0.03])  array([4.53  0.72  0.03])  array([4.53  0.74  0.03])  array([4.53  0.74  0.03])  array([4.53  0.72  0.03])  array([4.53  0.72  0.03 ])  array([4.53  0.71   0.03])  array([4.53  0.74  0.03])  array([4.53  0.71  0.03])  array([4.53  0.72  0.03])  array([4.53  0.71   0.03])  array([4.53   0.74  0.03 ])  array([4.53  0.71  0.03])  array([4.53  0.74   0.03])  array([4.53  0.74  0.03])  array([4.53  0.73  0.03])  array([4.53  0.72  0.03 ])  array([4.53  0.74  0.03])  array([4.53  0.72  0.03])  array([4.53  0.73  0.03])  array([4.53  0.73    0.03 ])  array([4.53  0.73  0.03])  array([4.53  0.71  0.03])  array([4.53   0.74  0.03])  array([4.53   0.71  0.03])  array([4.53  0.72  0.03])  array([4.53  0.73  0.03])],offsetEI 1.01,ppveatx 0.99,rpve 0.02,log10GRest 1.86,Gstuff [array([[-0.83   0.03] ;       [-0.52  -0.95] ;       [-0.87   0.34] ;       [ 0.80   0.33] ;       [-0.53   0.10] ;       [ 0.62   0.98] ;       [-0.54  -0.59] ;       [-0.12    0.08] ;       [-0.84   0.26] ;       [ 0.92   -0.38] ;       [ 0.16   0.11]])  array([[7.88e+02] ;       [1.07e+03] ;       [5.55e+02] ;       [4.86e+02] ;       [8.38e+01] ;       [1.01e+00] ;       [6.56e+02] ;       [2.81e+00] ;       [5.37e+02] ;       [1.88e+03] ;       [1.38e+00]])  array([[1.e-19] ;       [1.e-19] ;       [1.e-19] ;       [1.e-19] ;       [1.e-19] ;       [1.e-19] ;       [1.e-19] ;       [1.e-19] ;       [1.e-19] ;       [1.e-19] ;       [1.e-19]])  [[nan]  [nan]  [nan]  [nan]  [nan]  [nan]  [nan]  [nan]  [nan]  [nan]  [nan]]  9  array([2.  3.  3.])  array([0.5   0.15  0.15])  28  'gamma']
13, -0.15050519668054765, 0.11068711762945316, 0.0, [nan], 3.445403826700675, 1.0, 0.6685410589646192, 0.9610570798598964, 1.0126216211520456,42.47895399999999, 0.00029299999999921056, 0.10914100000002236, 11:17:39  13-04-20,1e-19,AQvalue [0.77],HYPstats {'mean': array([4.53    0.58  0.03])  'std': array([3.74e-05  5.83e-03  4.47e-04])  'min': array([4.53  0.56  0.03])  'max': array([4.53  0.59  0.03])},HYPdraws [array([4.53  0.58  0.03])  array([4.53    0.59  0.03])  array([4.53  0.58  0.03])  array([4.53  0.59  0.03])  array([4.53  0.58   0.03])  array([4.53  0.57  0.03])  array([4.53  0.57  0.03])  array([4.53  0.59   0.03])  array([4.53  0.57  0.03])  array([4.53   0.59  0.03])  array([4.53  0.58  0.03])  array([4.53  0.58  0.03])  array([4.53  0.58  0.03 ])  array([4.53  0.57  0.03])  array([4.53  0.58   0.03])  array([4.53  0.58  0.03])  array([4.53  0.58  0.03])  array([4.53  0.56  0.03])  array([4.53  0.58  0.03])  array([4.53  0.58  0.03])  array([4.53  0.57  0.03])  array([4.53  0.57  0.03])  array([4.53  0.59  0.03])  array([4.53  0.58  0.03])  array([4.53  0.57  0.03])  array([4.53  0.58    0.03   ])  array([4.53  0.58  0.03])  array([4.53  0.58  0.03])],mindraws [[-0.04  0.10]; [-0.05   0.10]; [-0.05   0.10]; [-0.04  0.10]; [-0.05  0.10]; [-0.05  0.10]; [-0.04  0.10 ]; [-0.04  0.10]; [-0.05  0.10 ]; [-0.05   0.10]; [-0.05  0.10]; [-0.05   0.10]; [-0.05  0.10]; [-0.05  0.10]; [-0.04  0.10]; [-0.04  0.10]; [-0.04  0.10]; [-0.04  0.10]; [-0.04  0.10]; [-0.05  0.10 ]; [-0.04   0.10]; [-0.05  0.10]; [-0.05  0.10 ]; [-0.05   0.10]; [-0.05  0.10]; [-0.04  0.10]; [-0.04    0.10]; [-0.05  0.10]; [-0.04  0.10]; [-0.05  0.10]; [-0.05    0.10]; [-0.05  0.10 ]; [-0.05  0.10 ]; [-0.05  0.10]; [-0.04  0.10]; [-0.04  0.10]],DIRECTmessage b'CONVERGENCE: REL_REDUCTION_OF_F_<=_FACTR*EPSMCH',PESmin [-0.77],kindex 9,PIatX [1.],host broman-Aspire-V5-591Gstart [0.66 0.96],H [[ 2.48e+03 -4.66e-10]; [-4.66e-10  7.75e+05]],reuseH [array([4.53  0.58  0.03])  array([4.53    0.59  0.03])  array([4.53  0.58  0.03])  array([4.53  0.59  0.03])  array([4.53  0.58   0.03])  array([4.53  0.57  0.03])  array([4.53  0.57  0.03])  array([4.53  0.59   0.03])  array([4.53  0.57  0.03])  array([4.53   0.59  0.03])  array([4.53  0.58  0.03])  array([4.53  0.58  0.03])  array([4.53  0.58  0.03 ])  array([4.53  0.57  0.03])  array([4.53  0.58   0.03])  array([4.53  0.58  0.03])  array([4.53  0.58  0.03])  array([4.53  0.56  0.03])  array([4.53  0.58  0.03])  array([4.53  0.58  0.03])  array([4.53  0.57  0.03])  array([4.53  0.57  0.03])  array([4.53  0.59  0.03])  array([4.53  0.58  0.03])  array([4.53  0.57  0.03])  array([4.53  0.58    0.03   ])  array([4.53  0.58  0.03])  array([4.53  0.58  0.03])],offsetEI 1.01,ppveatx 0.99,rpve 0.02,log10GRest 1.71,Gstuff [array([[ 0.83   0.03] ;       [ 0.52  -0.95] ;       [ 0.87   0.34] ;       [-0.80   0.33] ;       [ 0.53   0.10] ;       [-0.62   0.98] ;       [ 0.54  -0.59] ;       [ 0.12    0.08] ;       [ 0.84   0.26] ;       [-0.92   -0.38] ;       [-0.16   0.11] ;       [-0.07   0.08]])  array([[7.88e+02] ;       [1.07e+03] ;       [5.55e+02] ;       [4.86e+02] ;       [8.38e+01] ;       [1.01e+00] ;       [6.56e+02] ;       [2.81e+00] ;       [5.37e+02] ;       [1.88e+03] ;       [1.38e+00] ;       [3.06e+00]])  array([[1.e-19] ;       [1.e-19] ;       [1.e-19] ;       [1.e-19] ;       [1.e-19] ;       [1.e-19] ;       [1.e-19] ;       [1.e-19] ;       [1.e-19] ;       [1.e-19] ;       [1.e-19] ;       [1.e-19]])  [[nan]  [nan]  [nan]  [nan]  [nan]  [nan]  [nan]  [nan]  [nan]  [nan]  [nan]  [nan]]  9  array([2.  3.  3.])  array([0.5   0.15  0.15])  28  'gamma']
14, 0.12604831350586573, 0.11095283225911431, 0.0, [nan], 3.129310697946925, 1.0, 0.6685427088457101, 0.9610570842740236, 1.012451058695099,26.358278999999982, 0.0002690000000029613, 0.0001170000000172422, 11:17:59  13-04-20,1e-17,msg localopt,host broman-Aspire-V5-591Gstart [0.12 0.11],H [[ 6942.04   293.34]; [  293.34 20060.97]],reuseH [array([4.53  0.21  0.18])  array([4.53  0.21  0.18])  array([4.53  0.21  0.18])  array([4.53  0.21  0.18])  array([4.53  0.21  0.18])  array([4.53  0.21   0.18])  array([4.53  0.21  0.18])  array([4.53  0.21  0.18 ])  array([4.53  0.21   0.18])  array([4.53  0.21  0.18])  array([4.53  0.21  0.17])  array([4.53  0.21  0.18])  array([4.53  0.21  0.18])  array([4.53  0.21  0.18])  array([4.53  0.21  0.18])  array([4.53  0.21  0.18])  array([4.53  0.21  0.18])  array([4.53  0.21  0.18])  array([4.53  0.21  0.18 ])  array([4.53  0.21  0.18])  array([4.53  0.21  0.18])  array([4.53  0.21  0.18 ])  array([4.53  0.21   0.18])  array([4.53   0.21  0.18])  array([4.53  0.21  0.18])  array([4.53  0.21  0.18])  array([4.53  0.21  0.18])  array([4.53  0.21  0.18])],offsetEI -7.89,ppveatx 0.99,rpve 0.04,log10GRest -5.29,Gstuff [array([[-0.83   0.09] ;       [-0.59  -0.91] ;       [-0.85   0.40] ;       [ 0.82   0.27] ;       [-0.52   0.14] ;       [ 0.69   0.94] ;       [-0.58  -0.56] ;       [-0.12    0.08 ] ;       [-0.82   0.31] ;       [ 0.90  -0.44] ;       [ 0.17   0.10] ;       [ 0.07   0.08] ;       [-0.14   0.11]])  array([[7.88e+02] ;       [1.07e+03] ;       [5.55e+02] ;       [4.86e+02] ;       [8.38e+01] ;       [1.01e+00] ;       [6.56e+02] ;       [2.81e+00] ;       [5.37e+02] ;       [1.88e+03] ;       [1.38e+00] ;       [3.06e+00] ;       [3.44e+00]])  array([[1.e-17] ;       [1.e-17] ;       [1.e-17] ;       [1.e-17] ;       [1.e-17] ;       [1.e-17] ;       [1.e-17] ;       [1.e-17] ;       [1.e-17] ;       [1.e-17] ;       [1.e-17] ;       [1.e-17] ;       [1.e-17]])  [[nan]  [nan]  [nan]  [nan]  [nan]  [nan]  [nan]  [nan]  [nan]  [nan]  [nan]  [nan]  [nan]]  9  array([2.  3.  3.])  array([0.5   0.15  0.15])  28  'gamma']
15, 0.12604831350586573, 0.11095283225911431, 0.0, [nan], 3.129310697946925, 1.0, 0.6685427088457101, 0.9610570842740236, 1.012451058695099,0.0006919999999865922, 0.00021200000000476393, 0.00016800000000216642, 11:17:59  13-04-20,1e-17,msg localopt,host broman-Aspire-V5-591G
16, 0.12604831368471062, 0.1109528322546673, 0.0, [nan], 3.129310691037225, 1.0, 0.6685427088457101, 0.9610570842740236, 1.012451058695099,0.0006439999999940937, 0.0002460000000041873, 7.499999998117346e-05, 11:17:59  13-04-20,1e-17,msg localopt,host broman-Aspire-V5-591G
17, 0.12604831350586573, 0.11095283236435372, 0.0, [nan], 3.1293107048693938, 1.0, 0.6685427088457101, 0.9610570842740236, 1.012451058695099,0.000664000000000442, 0.0002409999999883894, 0.00010200000002669185, 11:17:59  13-04-20,1e-17,msg localopt,host broman-Aspire-V5-591G
18, 0.13161370223774752, 0.10753350151608324, 0.0, [nan], 2.7113785206907486, 1.0, 0.6685427088457101, 0.9610570842740236, 1.012451058695099,0.0007899999999949614, 0.0002230000000054133, 0.00013400000000274304, 11:17:59  13-04-20,1e-17,msg localopt,host broman-Aspire-V5-591G
19, 0.13161370223774752, 0.10753350151608324, 0.0, [nan], 2.7113785206907486, 1.0, 0.6685427088457101, 0.9610570842740236, 1.012451058695099,0.0008020000000215077, 0.00023099999998521525, 0.00015100000001666558, 11:17:59  13-04-20,1e-17,msg localopt,host broman-Aspire-V5-591G
20, 0.1316137024165924, 0.10753350151163621, 0.0, [nan], 2.711378514059004, 1.0, 0.6685427088457101, 0.9610570842740236, 1.012451058695099,0.0009489999999914289, 0.00021900000001551234, 9.599999998499698e-05, 11:17:59  13-04-20,1e-17,msg localopt,host broman-Aspire-V5-591G
21, 0.13161370223774752, 0.10753350162132262, 0.0, [nan], 2.711378527052089, 1.0, 0.6685427088457101, 0.9610570842740236, 1.012451058695099,0.0008009999999956108, 0.000183999999990192, 0.00010399999999322063, 11:17:59  13-04-20,1e-17,msg localopt,host broman-Aspire-V5-591G
22, 0.1538752571652746, 0.09385617854395889, 0.0, [nan], 1.3321983245294098, 1.0, 0.6685427088457101, 0.9610570842740236, 1.012451058695099,0.000941000000011627, 0.00025600000000736145, 7.399999998369822e-05, 11:17:59  13-04-20,1e-17,msg localopt,host broman-Aspire-V5-591G
23, 0.1538752571652746, 0.09385617854395889, 0.0, [nan], 1.3321983245294098, 1.0, 0.6685427088457101, 0.9610570842740236, 1.012451058695099,0.0008390000000133568, 0.00018499999998766725, 0.00017400000001543958, 11:17:59  13-04-20,1e-17,msg localopt,host broman-Aspire-V5-591G
24, 0.15387525734411947, 0.09385617853951186, 0.0, [nan], 1.3321983195689424, 1.0, 0.6685427088457101, 0.9610570842740236, 1.012451058695099,0.0007379999999841402, 0.00017300000001796434, 7.199999998874773e-05, 11:17:59  13-04-20,1e-17,msg localopt,host broman-Aspire-V5-591G
25, 0.1538752571652746, 0.09385617864919828, 0.0, [nan], 1.332198328534239, 1.0, 0.6685427088457101, 0.9610570842740236, 1.012451058695099,0.000757000000021435, 0.00020299999999906504, 6.799999999884676e-05, 11:17:59  13-04-20,1e-17,msg localopt,host broman-Aspire-V5-591G
26, 0.206443314547784, 0.06285816779999841, 0.0, [nan], 0.5833931391314078, 1.0, 0.206443314547784, 0.06285816779999841, 0.5833931391314078,0.0009110000000021046, 0.0001880000000085147, 0.0001629999999863685, 11:17:59  13-04-20,1e-17,msg localopt,host broman-Aspire-V5-591G
27, 0.206443314547784, 0.06285816779999841, 0.0, [nan], 0.5833931391314078, 1.0, 0.206443314547784, 0.06285816779999841, 0.5833931391314078,0.0009000000000014552, 0.000183999999990192, 0.00013899999999011925, 11:17:59  13-04-20,1e-17,msg localopt,host broman-Aspire-V5-591G
28, 0.2064433147266289, 0.06285816779555141, 0.0, [nan], 0.583393141898296, 1.0, 0.206443314547784, 0.06285816779999841, 0.5833931391314078,0.0009019999999964057, 0.00022000000001298758, 8.299999998939711e-05, 11:17:59  13-04-20,1e-17,msg localopt,host broman-Aspire-V5-591G
29, 0.206443314547784, 0.06285816790523781, 0.0, [nan], 0.58339313697512, 1.0, 0.206443314547784, 0.06285816790523781, 0.58339313697512,0.0010170000000186974, 0.00021300000000223918, 0.0001239999999995689, 11:17:59  13-04-20,1e-17,msg localopt,host broman-Aspire-V5-591G
30, 0.18778507438482778, 0.07383482458699167, 0.0, [nan], 0.3798320053045961, 1.0, 0.18778507438482778, 0.07383482458699167, 0.3798320053045961,0.0011439999999822703, 0.0002780000000086602, 0.00016700000000469117, 11:17:59  13-04-20,1e-17,msg localopt,host broman-Aspire-V5-591G
31, 0.18778507438482778, 0.07383482458699167, 0.0, [nan], 0.3798320053045961, 1.0, 0.18778507438482778, 0.07383482458699167, 0.3798320053045961,0.0012289999999950396, 0.00024399999998081512, 0.00015799999999899228, 11:17:59  13-04-20,1e-17,msg localopt,host broman-Aspire-V5-591G
32, 0.18778507456367266, 0.07383482458254466, 0.0, [nan], 0.3798320046613001, 1.0, 0.18778507456367266, 0.07383482458254466, 0.3798320046613001,0.0011460000000056425, 0.00021200000000476393, 0.00010000000000331966, 11:17:59  13-04-20,1e-17,msg localopt,host broman-Aspire-V5-591G
33, 0.18778507438482778, 0.07383482469223107, 0.0, [nan], 0.3798320054472339, 1.0, 0.18778507456367266, 0.07383482458254466, 0.3798320046613001,0.0011729999999943175, 0.00023600000000101318, 0.00015799999999899228, 11:17:59  13-04-20,1e-17,msg localopt,host broman-Aspire-V5-591G
34, 0.190489814156326, 0.07240395612838059, 0.0, [nan], 0.3734807555469254, 1.0, 0.190489814156326, 0.07240395612838059, 0.3734807555469254,0.0011590000000012424, 0.00019799999998326712, 0.00011299999999891952, 11:17:59  13-04-20,1e-17,msg localopt,host broman-Aspire-V5-591G
35, 0.190489814156326, 0.07240395612838059, 0.0, [nan], 0.3734807555469254, 1.0, 0.190489814156326, 0.07240395612838059, 0.3734807555469254,0.001153000000016391, 0.00017299999998954263, 0.00011399999999639476, 11:17:59  13-04-20,1e-17,msg localopt,host broman-Aspire-V5-591G
36, 0.1904898143351709, 0.07240395612393358, 0.0, [nan], 0.373480755330929, 1.0, 0.1904898143351709, 0.07240395612393358, 0.373480755330929,0.001291000000009035, 0.000206999999988966, 0.0001080000000115433, 11:17:59  13-04-20,1e-17,msg localopt,host broman-Aspire-V5-591G
37, 0.190489814156326, 0.07240395623361999, 0.0, [nan], 0.37348075537826164, 1.0, 0.1904898143351709, 0.07240395612393358, 0.373480755330929,0.0013449999999863849, 0.0002479999999991378, 9.299999999257125e-05, 11:17:59  13-04-20,1e-17,msg localopt,host broman-Aspire-V5-591G
38, 0.19089896280667612, 0.07235874924299214, 0.0, [nan], 0.3730998261052333, 1.0, 0.19089896280667612, 0.07235874924299214, 0.3730998261052333,0.001439000000004853, 0.00018699999998261774, 0.00016200000001731496, 11:17:59  13-04-20,1e-17,msg localopt,host broman-Aspire-V5-591G
39, 0.19089896280667612, 0.07235874924299214, 0.0, [nan], 0.3730998261052333, 1.0, 0.19089896280667612, 0.07235874924299214, 0.3730998261052333,0.001511999999991076, 0.0002250000000003638, 0.00010900000000901855, 11:17:59  13-04-20,1e-17,msg localopt,host broman-Aspire-V5-591G
40, 0.190898962985521, 0.07235874923854513, 0.0, [nan], 0.3730998259344846, 1.0, 0.190898962985521, 0.07235874923854513, 0.3730998259344846,0.0014869999999973516, 0.0001880000000085147, 0.00014600000000086766, 11:17:59  13-04-20,1e-17,msg localopt,host broman-Aspire-V5-591G
41, 0.19089896280667612, 0.07235874934823154, 0.0, [nan], 0.37309982590436575, 1.0, 0.19089896280667612, 0.07235874934823154, 0.37309982590436575,0.001289999999983138, 0.00020800000001486296, 9.900000000584441e-05, 11:17:59  13-04-20,1e-17,msg localopt,host broman-Aspire-V5-591G
42, 0.19148429676482198, 0.07245455485546264, 0.0, [nan], 0.37238826547960235, 1.0, 0.19148429676482198, 0.07245455485546264, 0.37238826547960235,0.0014460000000156015, 0.000206999999988966, 8.700000000771979e-05, 11:17:59  13-04-20,1e-17,msg localopt,host broman-Aspire-V5-591G
43, 0.19148429676482198, 0.07245455485546264, 0.0, [nan], 0.37238826547960235, 1.0, 0.19148429676482198, 0.07245455485546264, 0.37238826547960235,0.0014030000000104792, 0.00018299999999271677, 9.1999999995096e-05, 11:17:59  13-04-20,1e-17,msg localopt,host broman-Aspire-V5-591G
44, 0.19148429694366687, 0.07245455485101562, 0.0, [nan], 0.37238826535456715, 1.0, 0.19148429694366687, 0.07245455485101562, 0.37238826535456715,0.0014500000000055024, 0.00023799999999596366, 0.00014100000001349144, 11:17:59  13-04-20,1e-17,msg localopt,host broman-Aspire-V5-591G
45, 0.19148429676482198, 0.07245455496070204, 0.0, [nan], 0.3723882652467257, 1.0, 0.19148429676482198, 0.07245455496070204, 0.3723882652467257,0.001550000000008822, 0.0002180000000180371, 0.00010299999999574538, 11:17:59  13-04-20,1e-17,msg localopt,host broman-Aspire-V5-591G
46, 0.19244998031284555, 0.0727749969710204, 0.0, [nan], 0.3710398366535753, 1.0, 0.19244998031284555, 0.0727749969710204, 0.3710398366535753,0.0015390000000081727, 0.00021000000000981345, 0.0001560000000040418, 11:17:59  13-04-20,1e-17,msg localopt,host broman-Aspire-V5-591G
47, 0.19244998031284555, 0.0727749969710204, 0.0, [nan], 0.3710398366535753, 1.0, 0.19244998031284555, 0.0727749969710204, 0.3710398366535753,0.0015180000000043492, 0.00023500000000353793, 0.00012499999999704414, 11:17:59  13-04-20,1e-17,msg localopt,host broman-Aspire-V5-591G
48, 0.19244998049169043, 0.07277499696657337, 0.0, [nan], 0.37103983658509326, 1.0, 0.19244998049169043, 0.07277499696657337, 0.37103983658509326,0.0015610000000094715, 0.0001719999999920674, 0.00017600000001039007, 11:17:59  13-04-20,1e-17,msg localopt,host broman-Aspire-V5-591G
49, 0.19244998031284555, 0.07277499707625978, 0.0, [nan], 0.3710398363819545, 1.0, 0.19244998031284555, 0.07277499707625978, 0.3710398363819545,0.0016200000000026193, 0.0001720000000204891, 0.00017499999998449312, 11:17:59  13-04-20,1e-17,msg localopt,host broman-Aspire-V5-591G
50, 0.19416198619957564, 0.07353378063941143, 0.0, [nan], 0.3684931602909213, 1.0, 0.19416198619957564, 0.07353378063941143, 0.3684931602909213,0.0016620000000102664, 0.0002020000000015898, 0.00012300000000209366, 11:17:59  13-04-20,1e-17,msg localopt,host broman-Aspire-V5-591G
51, 0.19416198619957564, 0.07353378063941143, 0.0, [nan], 0.3684931602909213, 1.0, 0.19416198619957564, 0.07353378063941143, 0.3684931602909213,0.0017499999999870397, 0.00023300000000858745, 0.000137999999992644, 11:17:59  13-04-20,1e-17,msg localopt,host broman-Aspire-V5-591G
52, 0.19416198637842055, 0.07353378063496442, 0.0, [nan], 0.3684931603016713, 1.0, 0.19416198619957564, 0.07353378063941143, 0.3684931602909213,0.0017139999999926658, 0.00023800000002438537, 0.00014999999999076863, 11:17:59  13-04-20,1e-17,msg localopt,host broman-Aspire-V5-591G
53, 0.19416198619957564, 0.07353378074465082, 0.0, [nan], 0.36849315996661863, 1.0, 0.19416198619957564, 0.07353378074465082, 0.36849315996661863,0.0019969999999887023, 0.0002250000000003638, 9.800000000836917e-05, 11:17:59  13-04-20,1e-17,msg localopt,host broman-Aspire-V5-591G
54, 0.1973129649695049, 0.07518626417459458, 0.0, [nan], 0.36377341158984194, 1.0, 0.1973129649695049, 0.07518626417459458, 0.36377341158984194,0.0021000000000128694, 0.00026099999999473766, 0.0002180000000180371, 11:17:59  13-04-20,1e-17,msg localopt,host broman-Aspire-V5-591G
55, 0.1973129649695049, 0.07518626417459458, 0.0, [nan], 0.36377341158984194, 1.0, 0.1973129649695049, 0.07518626417459458, 0.36377341158984194,0.0019379999999955544, 0.0001860000000135642, 0.00018900000000598993, 11:17:59  13-04-20,1e-17,msg localopt,host broman-Aspire-V5-591G
56, 0.19731296514834978, 0.07518626417014757, 0.0, [nan], 0.36377341172163824, 1.0, 0.1973129649695049, 0.07518626417459458, 0.36377341158984194,0.0017829999999889878, 0.00017399999998701787, 0.00016200000001731496, 11:17:59  13-04-20,1e-17,msg localopt,host broman-Aspire-V5-591G
57, 0.1973129649695049, 0.07518626427983396, 0.0, [nan], 0.36377341118840056, 1.0, 0.1973129649695049, 0.07518626427983396, 0.36377341118840056,0.0018279999999890606, 0.00020299999999906504, 8.900000000267028e-05, 11:17:59  13-04-20,1e-17,msg localopt,host broman-Aspire-V5-591G
58, 0.20322488762325833, 0.07868072894434623, 0.0, [nan], 0.35542934722883257, 1.0, 0.20322488762325833, 0.07868072894434623, 0.35542934722883257,0.0018340000000023338, 0.00015899999999646752, 7.500000000959517e-05, 11:17:59  13-04-20,1e-17,msg localopt,host broman-Aspire-V5-591G
59, 0.20322488762325833, 0.07868072894434623, 0.0, [nan], 0.35542934722883257, 1.0, 0.20322488762325833, 0.07868072894434623, 0.35542934722883257,0.0018910000000005311, 0.00015999999999394277, 7.399999998369822e-05, 11:17:59  13-04-20,1e-17,msg localopt,host broman-Aspire-V5-591G
60, 0.2032248878021032, 0.07868072893989922, 0.0, [nan], 0.3554293475603016, 1.0, 0.20322488762325833, 0.07868072894434623, 0.35542934722883257,0.0018709999999941829, 0.00016400000001226545, 0.00012300000000209366, 11:17:59  13-04-20,1e-17,msg localopt,host broman-Aspire-V5-591G
61, 0.20322488762325833, 0.07868072904958562, 0.0, [nan], 0.35542934670776183, 1.0, 0.20322488762325833, 0.07868072904958562, 0.35542934670776183,0.001997000000017124, 0.00018799999998009298, 0.00011100000000396903, 11:17:59  13-04-20,1e-17,msg localopt,host broman-Aspire-V5-591G
62, 0.2142972114820477, 0.08595421879944481, 0.0, [nan], 0.3423512170464328, 1.0, 0.2142972114820477, 0.08595421879944481, 0.3423512170464328,0.002123999999980697, 0.0002599999999972624, 0.00012700000002041634, 11:17:59  13-04-20,1e-17,msg localopt,host broman-Aspire-V5-591G
63, 0.2142972114820477, 0.08595421879944481, 0.0, [nan], 0.3423512170464328, 1.0, 0.2142972114820477, 0.08595421879944481, 0.3423512170464328,0.0020219999999824267, 0.0001700000000255386, 0.0001769999999794436, 11:17:59  13-04-20,1e-17,msg localopt,host broman-Aspire-V5-591G
64, 0.2142972116608926, 0.0859542187949978, 0.0, [nan], 0.34235121773181826, 1.0, 0.2142972114820477, 0.08595421879944481, 0.3423512170464328,0.002077999999983149, 0.00020399999999654028, 9.900000000584441e-05, 11:17:59  13-04-20,1e-17,msg localopt,host broman-Aspire-V5-591G
65, 0.2142972114820477, 0.0859542189046842, 0.0, [nan], 0.3423512163316474, 1.0, 0.2142972114820477, 0.0859542189046842, 0.3423512163316474,0.0022199999999941156, 0.0002939999999966858, 0.00016899999999964166, 11:17:59  13-04-20,1e-17,msg localopt,host broman-Aspire-V5-591G
66, 0.23039016248500932, 0.09805322982194577, 0.0, [nan], 0.32656119847996423, 1.0, 0.23039016248500932, 0.09805322982194577, 0.32656119847996423,0.002378999999990583, 0.0002479999999991378, 0.0001239999999995689, 11:17:59  13-04-20,1e-17,msg localopt,host broman-Aspire-V5-591G
67, 0.23039016248500932, 0.09805322982194577, 0.0, [nan], 0.32656119847996423, 1.0, 0.23039016248500932, 0.09805322982194577, 0.32656119847996423,0.002382999999980484, 0.00023500000000353793, 8.200000002034358e-05, 11:17:59  13-04-20,1e-17,msg localopt,host broman-Aspire-V5-591G
68, 0.23039016266385423, 0.09805322981749874, 0.0, [nan], 0.3265611996411353, 1.0, 0.23039016248500932, 0.09805322982194577, 0.32656119847996423,0.002302000000014459, 0.0002499999999940883, 0.00018199999999524152, 11:17:59  13-04-20,1e-17,msg localopt,host broman-Aspire-V5-591G
69, 0.23039016248500932, 0.09805322992718515, 0.0, [nan], 0.32656119753942997, 1.0, 0.23039016248500932, 0.09805322992718515, 0.32656119753942997,0.002247999999980266, 0.00021900000001551234, 7.600000000707041e-05, 11:17:59  13-04-20,1e-17,msg localopt,host broman-Aspire-V5-591G
70, 0.24272685178232153, 0.1096800685845256, 0.0, [nan], 0.3034756840524495, 1.0, 0.24272685178232153, 0.1096800685845256, 0.3034756840524495,0.0022950000000037107, 0.0002459999999757656, 0.00013000000001284207, 11:17:59  13-04-20,1e-17,msg localopt,host broman-Aspire-V5-591G
71, 0.24272685178232153, 0.1096800685845256, 0.0, [nan], 0.3034756840524495, 1.0, 0.24272685178232153, 0.1096800685845256, 0.3034756840524495,0.0022339999999871907, 0.00016600000000721593, 7.600000000707041e-05, 11:17:59  13-04-20,1e-17,msg localopt,host broman-Aspire-V5-591G
72, 0.24272685196116645, 0.10968006858007859, 0.0, [nan], 0.3034756853628466, 1.0, 0.24272685178232153, 0.1096800685845256, 0.3034756840524495,0.00239300000001208, 0.00020099999997569284, 0.00018400000001861372, 11:17:59  13-04-20,1e-17,msg localopt,host broman-Aspire-V5-591G
73, 0.24272685178232153, 0.109680068689765, 0.0, [nan], 0.3034756830830721, 1.0, 0.24272685178232153, 0.109680068689765, 0.3034756830830721,0.0023960000000045056, 0.00019700000001421358, 0.00013400000000274304, 11:17:59  13-04-20,1e-17,msg localopt,host broman-Aspire-V5-591G
74, 0.25718845782299954, 0.12588656557692773, 0.0, [nan], 0.2624878701042674, 1.0, 0.25718845782299954, 0.12588656557692773, 0.2624878701042674,0.0024410000000045784, 0.0001949999999908414, 0.0001650000000097407, 11:17:59  13-04-20,1e-17,msg localopt,host broman-Aspire-V5-591G
75, 0.25718845782299954, 0.12588656557692773, 0.0, [nan], 0.2624878701042674, 1.0, 0.25718845782299954, 0.12588656557692773, 0.2624878701042674,0.0025019999999926767, 0.000160999999991418, 7.700000000454565e-05, 11:17:59  13-04-20,1e-17,msg localopt,host broman-Aspire-V5-591G
76, 0.2571884580018444, 0.1258865655724807, 0.0, [nan], 0.26248787130740625, 1.0, 0.25718845782299954, 0.12588656557692773, 0.2624878701042674,0.0025060000000109994, 0.0001790000000028158, 7.700000000454565e-05, 11:17:59  13-04-20,1e-17,msg localopt,host broman-Aspire-V5-591G
77, 0.25718845782299954, 0.1258865656821671, 0.0, [nan], 0.26248786925851203, 1.0, 0.25718845782299954, 0.1258865656821671, 0.26248786925851203,0.002407000000005155, 0.0002020000000015898, 0.00018499999998766725, 11:17:59  13-04-20,1e-17,msg localopt,host broman-Aspire-V5-591G
78, 0.2807285069920054, 0.15530883643047338, 0.0, [nan], 0.1962436039800125, 1.0, 0.2807285069920054, 0.15530883643047338, 0.1962436039800125,0.0026579999999967185, 0.00024399999998081512, 0.00016400000001226545, 11:17:59  13-04-20,1e-17,msg localopt,host broman-Aspire-V5-591G
79, 0.2807285069920054, 0.15530883643047338, 0.0, [nan], 0.1962436039800125, 1.0, 0.2807285069920054, 0.15530883643047338, 0.1962436039800125,0.0025899999999978718, 0.00018999999997504347, 0.00016000000002236447, 11:17:59  13-04-20,1e-17,msg localopt,host broman-Aspire-V5-591G
80, 0.2807285071708503, 0.15530883642602633, 0.0, [nan], 0.19624360474209995, 1.0, 0.2807285069920054, 0.15530883643047338, 0.1962436039800125,0.002521999999999025, 0.0002250000000003638, 0.00016200000001731496, 11:17:59  13-04-20,1e-17,msg localopt,host broman-Aspire-V5-591G
81, 0.2807285069920054, 0.15530883653571276, 0.0, [nan], 0.19624360344229522, 1.0, 0.2807285069920054, 0.15530883653571276, 0.19624360344229522,0.002628000000015618, 0.0001949999999908414, 0.00018199999999524152, 11:17:59  13-04-20,1e-17,msg localopt,host broman-Aspire-V5-591G
82, 0.3231332503746392, 0.2080940152976482, 0.0, [nan], 0.12825314322844616, 1.0, 0.3231332503746392, 0.2080940152976482, 0.12825314322844616,0.0025919999999928223, 0.00019400000002178786, 7.699999997612395e-05, 11:17:59  13-04-20,1e-17,msg localopt,host broman-Aspire-V5-591G
83, 0.3231332503746392, 0.2080940152976482, 0.0, [nan], 0.12825314322844616, 1.0, 0.3231332503746392, 0.2080940152976482, 0.12825314322844616,0.0025639999999782503, 0.00018700000001103945, 0.00014799999999581814, 11:17:59  13-04-20,1e-17,msg localopt,host broman-Aspire-V5-591G
84, 0.3231332505534841, 0.20809401529320118, 0.0, [nan], 0.12825314414351077, 1.0, 0.3231332503746392, 0.2080940152976482, 0.12825314322844616,0.002693000000022039, 0.0001949999999908414, 0.0001629999999863685, 11:17:59  13-04-20,1e-17,msg localopt,host broman-Aspire-V5-591G
85, 0.3231332503746392, 0.2080940154028876, 0.0, [nan], 0.12825314272099664, 1.0, 0.3231332503746392, 0.2080940154028876, 0.12825314272099664,0.0028210000000115087, 0.0002409999999883894, 0.00018099999999776628, 11:17:59  13-04-20,1e-17,msg localopt,host broman-Aspire-V5-591G
86, 0.3558202465979294, 0.2583321202532687, 0.0, [nan], 0.07398039487455788, 1.0, 0.3558202465979294, 0.2583321202532687, 0.07398039487455788,0.0031420000000252912, 0.00028399999999351166, 0.0002000000000066393, 11:17:59  13-04-20,1e-17,msg localopt,host broman-Aspire-V5-591G
87, 0.3558202465979294, 0.2583321202532687, 0.0, [nan], 0.07398039487455788, 1.0, 0.3558202465979294, 0.2583321202532687, 0.07398039487455788,0.003047000000009348, 0.0001629999999863685, 7.999999999697138e-05, 11:17:59  13-04-20,1e-17,msg localopt,host broman-Aspire-V5-591G
88, 0.35582024677677426, 0.25833212024882163, 0.0, [nan], 0.07398039488957922, 1.0, 0.3558202465979294, 0.2583321202532687, 0.07398039487455788,0.0027409999999861157, 0.000160999999991418, 7.899999999949614e-05, 11:17:59  13-04-20,1e-17,msg localopt,host broman-Aspire-V5-591G
89, 0.3558202465979294, 0.25833212035850805, 0.0, [nan], 0.07398039478970536, 1.0, 0.3558202465979294, 0.25833212035850805, 0.07398039478970536,0.0027500000000202363, 0.0001719999999920674, 7.80000000020209e-05, 11:17:59  13-04-20,1e-17,msg localopt,host broman-Aspire-V5-591G
90, 0.43883682321134726, 0.3698753938897255, 0.0, [nan], 0.2625076012847238, 1.0, 0.3558202465979294, 0.25833212035850805, 0.07398039478970536,0.0028469999999742868, 0.00015900000002488923, 9.099999999762076e-05, 11:17:59  13-04-20,1e-17,msg localopt,host broman-Aspire-V5-591G
91, 0.43883682321134726, 0.3698753938897255, 0.0, [nan], 0.2625076012847238, 1.0, 0.3558202465979294, 0.25833212035850805, 0.07398039478970536,0.0029360000000053788, 0.0001860000000135642, 0.0001790000000028158, 11:17:59  13-04-20,1e-17,msg localopt,host broman-Aspire-V5-591G
92, 0.43883682339019214, 0.36987539388527846, 0.0, [nan], 0.26250760791532735, 1.0, 0.3558202465979294, 0.25833212035850805, 0.07398039478970536,0.0030010000000118, 0.00019000000000346517, 9.099999999762076e-05, 11:17:59  13-04-20,1e-17,msg localopt,host broman-Aspire-V5-591G
93, 0.43883682321134726, 0.3698753939949649, 0.0, [nan], 0.2625075991197287, 1.0, 0.3558202465979294, 0.25833212035850805, 0.07398039478970536,0.0029099999999857573, 0.00022200000000793807, 0.00016199999998889325, 11:17:59  13-04-20,1e-17,msg localopt,host broman-Aspire-V5-591G
94, 0.3757413129121895, 0.28509859318757136, 0.0, [nan], 0.059971661088513546, 1.0, 0.3757413129121895, 0.28509859318757136, 0.059971661088513546,0.0031649999999956435, 0.0002530000000149357, 0.0002159999999946649, 11:17:59  13-04-20,1e-17,msg localopt,host broman-Aspire-V5-591G
95, 0.3757413129121895, 0.28509859318757136, 0.0, [nan], 0.059971661088513546, 1.0, 0.3757413129121895, 0.28509859318757136, 0.059971661088513546,0.0032899999999926877, 0.00026800000000548607, 0.00018099999999776628, 11:17:59  13-04-20,1e-17,msg localopt,host broman-Aspire-V5-591G
96, 0.3757413130910344, 0.28509859318312436, 0.0, [nan], 0.05997166186784196, 1.0, 0.3757413129121895, 0.28509859318757136, 0.059971661088513546,0.0031469999999842457, 0.00016200000001731496, 9.1999999995096e-05, 11:17:59  13-04-20,1e-17,msg localopt,host broman-Aspire-V5-591G
97, 0.3757413129121895, 0.2850985932928108, 0.0, [nan], 0.059971660731752384, 1.0, 0.3757413129121895, 0.2850985932928108, 0.059971660731752384,0.003024000000010574, 0.00020099999997569284, 9.200000002351771e-05, 11:17:59  13-04-20,1e-17,msg localopt,host broman-Aspire-V5-591G
98, 0.4031079313271555, 0.32794308460397475, 0.0, [nan], 0.040288448344753536, 1.0, 0.4031079313271555, 0.32794308460397475, 0.040288448344753536,0.003221999999993841, 0.00016600000000721593, 7.899999999949614e-05, 11:17:59  13-04-20,1e-17,msg localopt,host broman-Aspire-V5-591G
99, 0.4031079313271555, 0.32794308460397475, 0.0, [nan], 0.040288448344753536, 1.0, 0.4031079313271555, 0.32794308460397475, 0.040288448344753536,0.0030669999999872744, 0.00018400000001861372, 0.00011299999999891952, 11:17:59  13-04-20,1e-17,msg localopt,host broman-Aspire-V5-591G
100, 0.4031079315060004, 0.32794308459952776, 0.0, [nan], 0.040288449436150356, 1.0, 0.4031079313271555, 0.32794308460397475, 0.040288448344753536,0.0033000000000242835, 0.0002499999999940883, 0.00018099999999776628, 11:17:59  13-04-20,1e-17,msg localopt,host broman-Aspire-V5-591G
101, 0.4031079313271555, 0.3279430847092141, 0.0, [nan], 0.040288447916701886, 1.0, 0.4031079313271555, 0.3279430847092141, 0.040288447916701886,0.003055999999986625, 0.00022200000000793807, 0.00020299999999906504, 11:17:59  13-04-20,1e-17,msg localopt,host broman-Aspire-V5-591G
102, 0.4245123241863795, 0.36773940988030895, 0.0, [nan], 0.01780034614482463, 1.0, 0.4245123241863795, 0.36773940988030895, 0.01780034614482463,0.0032590000000141117, 0.00025399999998398926, 0.00011100000000396903, 11:17:59  13-04-20,1e-17,msg localopt,host broman-Aspire-V5-591G
103, 0.4245123241863795, 0.36773940988030895, 0.0, [nan], 0.01780034614482463, 1.0, 0.4245123241863795, 0.36773940988030895, 0.01780034614482463,0.0033950000000118052, 0.00024899999999661304, 0.00015899999999646752, 11:17:59  13-04-20,1e-17,msg localopt,host broman-Aspire-V5-591G
104, 0.4245123243652244, 0.36773940987586196, 0.0, [nan], 0.017800346401631164, 1.0, 0.4245123241863795, 0.36773940988030895, 0.01780034614482463,0.0035479999999949996, 0.00023500000000353793, 9.500000001594344e-05, 11:17:59  13-04-20,1e-17,msg localopt,host broman-Aspire-V5-591G
105, 0.4245123241863795, 0.3677394099855483, 0.0, [nan], 0.017800346027222507, 1.0, 0.4245123241863795, 0.3677394099855483, 0.017800346027222507,0.0032290000000045893, 0.00022000000001298758, 0.00011699999998882049, 11:17:59  13-04-20,1e-17,msg localopt,host broman-Aspire-V5-591G
106, 0.455970722680392, 0.4215799174156885, 0.0, [nan], 0.011842197984444702, 1.0, 0.455970722680392, 0.4215799174156885, 0.011842197984444702,0.0032759999999996126, 0.0002229999999769916, 0.00012300000000209366, 11:17:59  13-04-20,1e-17,msg localopt,host broman-Aspire-V5-591G
107, 0.455970722680392, 0.4215799174156885, 0.0, [nan], 0.011842197984444702, 1.0, 0.455970722680392, 0.4215799174156885, 0.011842197984444702,0.003294999999980064, 0.00022800000002121124, 0.00016199999998889325, 11:17:59  13-04-20,1e-17,msg localopt,host broman-Aspire-V5-591G
108, 0.4559707228592369, 0.42157991741124146, 0.0, [nan], 0.01184219913366961, 1.0, 0.455970722680392, 0.4215799174156885, 0.011842197984444702,0.003340999999977612, 0.00020700000001738772, 0.00011100000000396903, 11:17:59  13-04-20,1e-17,msg localopt,host broman-Aspire-V5-591G
109, 0.455970722680392, 0.4215799175209279, 0.0, [nan], 0.011842197612045597, 1.0, 0.455970722680392, 0.4215799175209279, 0.011842197612045597,0.00330700000000661, 0.00018699999998261774, 0.00016600000000721593, 11:17:59  13-04-20,1e-17,msg localopt,host broman-Aspire-V5-591G
110, 0.4577109320517281, 0.4280979400321436, 0.0, [nan], 0.004303593679014622, 1.0, 0.4577109320517281, 0.4280979400321436, 0.004303593679014622,0.0034139999999922566, 0.00022699999999531428, 0.0001469999999983429, 11:17:59  13-04-20,1e-17,msg localopt,host broman-Aspire-V5-591G
111, 0.4577109320517281, 0.4280979400321436, 0.0, [nan], 0.004303593679014622, 1.0, 0.4577109320517281, 0.4280979400321436, 0.004303593679014622,0.004050999999975602, 0.0002110000000072887, 0.0001950000000192631, 11:17:59  13-04-20,1e-17,msg localopt,host broman-Aspire-V5-591G
112, 0.457710932230573, 0.4280979400276966, 0.0, [nan], 0.004303593905785133, 1.0, 0.4577109320517281, 0.4280979400321436, 0.004303593679014622,0.003682999999995218, 0.0002319999999826905, 0.00021000000000981345, 11:17:59  13-04-20,1e-17,msg localopt,host broman-Aspire-V5-591G
113, 0.4577109320517281, 0.42809794013738295, 0.0, [nan], 0.004303593594563036, 1.0, 0.4577109320517281, 0.42809794013738295, 0.004303593594563036,0.0037269999999978154, 0.00015999999999394277, 0.00011299999999891952, 11:17:59  13-04-20,1e-17,msg localopt,host broman-Aspire-V5-591G
114, 0.47281874684921715, 0.45731985546668735, 0.0, [nan], 0.0011188770483520094, 1.0, 0.47281874684921715, 0.45731985546668735, 0.0011188770483520094,0.0036960000000192395, 0.000206999999988966, 0.00010600000001659282, 11:17:59  13-04-20,1e-17,msg localopt,host broman-Aspire-V5-591G
115, 0.47281874684921715, 0.45731985546668735, 0.0, [nan], 0.0011188770483520094, 1.0, 0.47281874684921715, 0.45731985546668735, 0.0011188770483520094,0.0037060000000224136, 0.0001719999999920674, 0.000183999999990192, 11:17:59  13-04-20,1e-17,msg localopt,host broman-Aspire-V5-591G
116, 0.4728187470280621, 0.4573198554622403, 0.0, [nan], 0.0011188771799584415, 1.0, 0.47281874684921715, 0.45731985546668735, 0.0011188770483520094,0.0035849999999868487, 0.00019600000001673834, 0.00018199999999524152, 11:17:59  13-04-20,1e-17,msg localopt,host broman-Aspire-V5-591G
117, 0.47281874684921715, 0.4573198555719267, 0.0, [nan], 0.0011188770019123525, 1.0, 0.47281874684921715, 0.4573198555719267, 0.0011188770019123525,0.0035210000000063246, 0.00019100000000094042, 0.00015799999999899228, 11:17:59  13-04-20,1e-17,msg localopt,host broman-Aspire-V5-591G
118, 0.4833711581005776, 0.4779833344594937, 0.0, [nan], 0.0002176557689248561, 1.0, 0.4833711581005776, 0.4779833344594937, 0.0002176557689248561,0.004020999999994501, 0.00028100000000108594, 0.00020599999999149077, 11:17:59  13-04-20,1e-17,msg localopt,host broman-Aspire-V5-591G
119, 0.4833711581005776, 0.4779833344594937, 0.0, [nan], 0.0002176557689248561, 1.0, 0.4833711581005776, 0.4779833344594937, 0.0002176557689248561,0.003903999999977259, 0.00019600000001673834, 0.0002690000000029613, 11:17:59  13-04-20,1e-17,msg localopt,host broman-Aspire-V5-591G
120, 0.48337115827942256, 0.47798333445504665, 0.0, [nan], 0.00021765592009396204, 1.0, 0.4833711581005776, 0.4779833344594937, 0.0002176557689248561,0.0038099999999872125, 0.0001770000000078653, 0.000206999999988966, 11:17:59  13-04-20,1e-17,msg localopt,host broman-Aspire-V5-591G
121, 0.4833711581005776, 0.4779833345647331, 0.0, [nan], 0.00021765572239122697, 1.0, 0.4833711581005776, 0.4779833345647331, 0.00021765572239122697,0.003768000000007987, 0.000183999999990192, 0.0001010000000007949, 11:17:59  13-04-20,1e-17,msg localopt,host broman-Aspire-V5-591G
122, 0.48647455980158616, 0.48477950228499367, 0.0, [nan], 1.8310369940243297e-05, 1.0, 0.48647455980158616, 0.48477950228499367, 1.8310369940243297e-05,0.004188999999996668, 0.00031100000001060835, 0.00020099999997569284, 11:17:59  13-04-20,1e-17,msg localopt,host broman-Aspire-V5-591G
123, 0.48647455980158616, 0.48477950228499367, 0.0, [nan], 1.8310369940243297e-05, 1.0, 0.48647455980158616, 0.48477950228499367, 1.8310369940243297e-05,0.004033999999990101, 0.00019400000002178786, 0.00020399999999654028, 11:17:59  13-04-20,1e-17,msg localopt,host broman-Aspire-V5-591G
124, 0.48647455998043104, 0.48477950228054667, 0.0, [nan], 1.831033546504898e-05, 1.0, 0.48647455998043104, 0.48477950228054667, 1.831033546504898e-05,0.003906000000000631, 0.00025600000000736145, 0.00016600000000721593, 11:17:59  13-04-20,1e-17,msg localopt,host broman-Aspire-V5-591G
125, 0.48647455980158616, 0.4847795023902331, 0.0, [nan], 1.8310379205164986e-05, 1.0, 0.48647455998043104, 0.48477950228054667, 1.831033546504898e-05,0.004036000000013473, 0.00019599999998831663, 0.00020100000000411455, 11:17:59  13-04-20,1e-17,msg localopt,host broman-Aspire-V5-591G
126, 0.4885515998524195, 0.48878124473514356, 0.0, [nan], 1.0066301701150667e-06, 1.0, 0.4885515998524195, 0.48878124473514356, 1.0066301701150667e-06,0.004210999999997966, 0.00024900000002503475, 0.00018499999998766725, 11:17:59  13-04-20,1e-17,msg localopt,host broman-Aspire-V5-591G
127, 0.4885515998524195, 0.48878124473514356, 0.0, [nan], 1.0066301701150667e-06, 1.0, 0.4885515998524195, 0.48878124473514356, 1.0066301701150667e-06,0.003991999999982454, 0.00023100000001363696, 7.700000000454565e-05, 11:17:59  13-04-20,1e-17,msg localopt,host broman-Aspire-V5-591G
128, 0.48855160003126447, 0.4887812447306965, 0.0, [nan], 1.0066429934877061e-06, 1.0, 0.4885515998524195, 0.48878124473514356, 1.0066301701150667e-06,0.003971000000007052, 0.00019199999999841566, 0.00012599999999451938, 11:17:59  13-04-20,1e-17,msg localopt,host broman-Aspire-V5-591G
129, 0.4885515998524195, 0.48878124484038293, 0.0, [nan], 1.0066265634218696e-06, 1.0, 0.4885515998524195, 0.48878124484038293, 1.0066265634218696e-06,0.004160000000013042, 0.0001770000000078653, 0.00018199999999524152, 11:17:59  13-04-20,1e-17,msg localopt,host broman-Aspire-V5-591G
130, 0.4882488965323013, 0.4882160860084833, 0.0, [nan], 4.4788175779256445e-09, 1.0, 0.4882488965323013, 0.4882160860084833, 4.4788175779256445e-09,0.004111999999992122, 0.0001929999999958909, 0.00018200000002366323, 11:17:59  13-04-20,1e-17,msg localopt,host broman-Aspire-V5-591G
131, 0.4882488965323013, 0.4882160860084833, 0.0, [nan], 4.4788175779256445e-09, 1.0, 0.4882488965323013, 0.4882160860084833, 4.4788175779256445e-09,0.004087999999995873, 0.00026500000001306034, 0.00011399999999639476, 11:17:59  13-04-20,1e-17,msg localopt,host broman-Aspire-V5-591G
132, 0.4882488967111462, 0.48821608600403626, 0.0, [nan], 4.478908582170871e-09, 1.0, 0.4882488965323013, 0.4882160860084833, 4.4788175779256445e-09,0.004327000000017733, 0.0002939999999966858, 0.00021300000000223918, 11:17:59  13-04-20,1e-17,msg localopt,host broman-Aspire-V5-591G
133, 0.4882488965323013, 0.4882160861137227, 0.0, [nan], 4.478777043879919e-09, 1.0, 0.4882488965323013, 0.4882160861137227, 4.478777043879919e-09,0.004315999999988662, 0.0002800000000036107, 0.00013400000000274304, 11:17:59  13-04-20,1e-17,msg localopt,host broman-Aspire-V5-591G
134, 0.4882781625784102, 0.4882748801937358, 0.0, [nan], 5.592682335026471e-11, 1.0, 0.4882781625784102, 0.4882748801937358, 5.592682335026471e-11,0.004395999999985634, 0.00023500000000353793, 0.0001860000000135642, 11:17:59  13-04-20,1e-17,msg localopt,host broman-Aspire-V5-591G
135, 0.4882781625784102, 0.4882748801937358, 0.0, [nan], 5.592682335026471e-11, 1.0, 0.4882781625784102, 0.4882748801937358, 5.592682335026471e-11,0.004111999999992122, 0.0002250000000003638, 0.0001859999999851425, 11:17:59  13-04-20,1e-17,msg localopt,host broman-Aspire-V5-591G
136, 0.4882781627572551, 0.4882748801892889, 0.0, [nan], 5.5981478461127947e-11, 1.0, 0.4882781625784102, 0.4882748801937358, 5.592682335026471e-11,0.00424499999999739, 0.00019199999999841566, 0.00017099999999459214, 11:17:59  13-04-20,1e-17,msg localopt,host broman-Aspire-V5-591G
137, 0.4882781625784102, 0.4882748802989752, 0.0, [nan], 5.5909614698161505e-11, 1.0, 0.4882781625784102, 0.4882748802989752, 5.5909614698161505e-11,0.004268999999993639, 0.0002090000000123382, 0.00011799999998629573, 11:17:59  13-04-20,1e-17,msg localopt,host broman-Aspire-V5-591G
138, 0.4882812064086432, 0.4882811565965405, 0.0, [nan], 2.4201046680029312e-14, 1.0, 0.4882812064086432, 0.4882811565965405, 2.4201046680029312e-14,0.004963000000003603, 0.00029299999999921056, 0.00012300000000209366, 11:17:59  13-04-20,1e-17,msg localopt,host broman-Aspire-V5-591G
139, 0.4882812064086432, 0.4882811565965405, 0.0, [nan], 2.4201046680029312e-14, 1.0, 0.4882812064086432, 0.4882811565965405, 2.4201046680029312e-14,0.004445000000004029, 0.00019100000000094042, 0.000183999999990192, 11:17:59  13-04-20,1e-17,msg localopt,host broman-Aspire-V5-591G
140, 0.4882812065874881, 0.4882811565920935, 0.0, [nan], 2.6080541689796508e-14, 1.0, 0.4882812064086432, 0.4882811565965405, 2.4201046680029312e-14,0.004540999999989026, 0.00019900000000916407, 0.00016600000000721593, 11:17:59  13-04-20,1e-17,msg localopt,host broman-Aspire-V5-591G
141, 0.4882812064086432, 0.4882811567017799, 0.0, [nan], 2.3656516509882287e-14, 1.0, 0.4882812064086432, 0.4882811567017799, 2.3656516509882287e-14,0.004398000000009006, 0.00024899999999661304, 0.0002020000000015898, 11:17:59  13-04-20,1e-17,msg localopt,host broman-Aspire-V5-591G
142, 0.4882812064086432, 0.4882811567017799, 0.0, [nan], 2.3656516509882287e-14, 1.0, 0.4882812064086432, 0.4882811567017799, 2.3656516509882287e-14,0.005684999999999718, 0.00025599999997893974, 0.0002000000000066393, 11:17:59  13-04-20,1e-17,msg localopt is complete       fun: 2.42e-14; hess_inv: array([[ 827.20  2846.83] ;       [2846.83  9820.41]]);      jac: array([ 1.26e-07  -3.65e-08]);  message: 'Optimization terminated successfully.';     nfev: 128;      nit: 29;     njev: 32;   status: 0;  success: True;        x: array([40.68  70.85]),host broman-Aspire-V5-591G
