n, x0, x1, x2, x3, d, s, y, c, rx0, rx1, rx2, rx3, truey at xrecc, taq, tev, trc, realtime, condition, aqauxdata
1, 0.368031719474871, -0.316377643978903, 0.03131242442536886, -0.4945515396686895, [nan], 0.0, 267.6014720759653, 1.0, 0.368031719474871, -0.316377643978903, 0.03131242442536886, -0.4945515396686895, 267.6014720759653,0.000748000000000193, 0.0004179999999998074, 8.60000000000305e-05, 13:52:15  24-04-20,0.0,host blossom-instance
2, 0.3527532485954221, 0.04448220568508132, 0.95602020612585, 0.1498652497038897, [nan], 0.0, 1644.1519659880312, 1.0, 0.368031719474871, -0.316377643978903, 0.03131242442536886, -0.4945515396686895, 267.6014720759653,0.0002510000000000012, 0.000280000000000058, 8.799999999986596e-05, 13:52:15  24-04-20,0.0,host blossom-instance
3, 0.4936122733197261, 0.7095779059011484, 0.3999058289600783, 0.6702146472400983, [nan], 0.0, 235.23344410064118, 1.0, 0.4936122733197261, 0.7095779059011484, 0.3999058289600783, 0.6702146472400983, 235.23344410064118,0.00023900000000010024, 0.00028199999999989345, 7.800000000024454e-05, 13:52:15  24-04-20,0.0,host blossom-instance
4, 0.9860481136099837, -0.44770544544200264, -0.7334349602639294, -0.21564917255205374, [nan], 0.0, 3782.6782544145794, 1.0, 0.4936122733197261, 0.7095779059011484, 0.3999058289600783, 0.6702146472400983, 235.23344410064118,0.00021899999999996922, 0.00028200000000033754, 7.49999999998252e-05, 13:52:15  24-04-20,0.0,host blossom-instance
5, -0.25930831534580334, 0.025509231420397516, 0.5388031793035406, -0.4826632025817019, [nan], 0.0, 616.4004380270032, 1.0, 0.4936122733197261, 0.7095779059011484, 0.3999058289600783, 0.6702146472400983, 235.23344410064118,0.000220000000000109, 0.0002900000000001235, 8.900000000000574e-05, 13:52:15  24-04-20,0.0,host blossom-instance
6, -0.04979351054758885, -0.9597096934454683, -0.1728953576530805, 0.5810539338817173, [nan], 0.0, 2294.0922107707843, 1.0, 0.4936122733197261, 0.7095779059011484, 0.3999058289600783, 0.6702146472400983, 235.23344410064118,0.00022700000000019926, 0.00026499999999973767, 7.700000000010476e-05, 13:52:15  24-04-20,0.0,host blossom-instance
7, -0.9174957939121979, 0.5130904221780155, 0.5978605668478563, 0.2848069297259519, [nan], 0.0, 708.6922976234987, 1.0, 0.4936122733197261, 0.7095779059011484, 0.3999058289600783, 0.6702146472400983, 235.23344410064118,0.00023200000000000998, 0.00028299999999958914, 7.900000000038432e-05, 13:52:15  24-04-20,0.0,host blossom-instance
8, 0.6669369084605867, 0.2464833804047586, -0.8291645321723591, 0.9724003844944125, [nan], 0.0, 653.8472949511324, 1.0, 0.4936122733197261, 0.7095779059011484, 0.3999058289600783, 0.6702146472400983, 235.23344410064118,0.0002619999999997624, 0.000248000000000026, 7.799999999980045e-05, 13:52:15  24-04-20,0.0,host blossom-instance
9, 0.5069019552798346, -0.03901694252640442, 0.6247418052608895, 0.09975354093862387, [nan], 0.0, 502.6092754293242, 1.0, 0.4936122733197261, 0.7095779059011484, 0.3999058289600783, 0.6702146472400983, 235.23344410064118,0.00022399999999977993, 0.0002780000000002225, 8.199999999991547e-05, 13:52:15  24-04-20,0.0,host blossom-instance
10, -0.5915070945845249, -0.5972551295014386, -0.3953391463828748, 0.3704916563445928, [nan], 0.0, 1269.8321443738976, 1.0, 0.4936122733197261, 0.7095779059011484, 0.3999058289600783, 0.6702146472400983, 235.23344410064118,0.0002300000000001745, 0.00026999999999999247, 8.400000000019503e-05, 13:52:15  24-04-20,0.0,host blossom-instance
11, 0.48250108996690655, 0.6877152829998339, 0.40822951162595555, 0.6441553461649705, [nan], 0.0, 189.0348798762952, 1.0, 0.37027302339131796, -0.31221237137832025, 0.032799161838341376, -0.5001240666584058, 268.61737050811485,252.161902, 0.0003300000000194814, 0.20063899999999535, 13:54:17  24-04-20,0.0,AQvalue [3.58],mindraws [[0.47 0.68 0.40 0.65]; [0.48 0.70 0.40 0.65]; [0.48 0.69 0.40 0.65]; [0.48 0.69 0.40 0.65]; [0.48 0.69 0.40 0.65]; [0.47 0.69 0.40 0.65]; [0.47 0.69 0.40 0.65]; [0.49  0.69 0.40 0.65]; [0.48 0.69 0.40 0.65]; [0.48 0.69 0.40 0.65]; [0.48 0.69 0.40 0.65]; [0.47 0.69 0.40 0.65 ]; [0.49 0.69 0.40 0.65]; [0.48 0.70 0.40 0.65]; [0.49 0.69  0.40 0.65]; [0.48 0.69 0.40 0.65]; [0.49  0.69 0.40 0.65 ]; [0.48 0.69 0.40 0.65]; [0.48 0.68 0.40 0.65]; [0.48 0.70 0.40 0.65]; [0.48 0.68 0.40 0.65]; [0.48 0.68 0.40 0.65 ]; [0.48 0.69  0.40 0.65]; [0.49 0.70 0.40 0.65]; [0.48  0.70 0.40 0.65]; [0.48 0.69 0.40 0.65]; [0.48 0.70 0.40 0.65]; [0.49 0.69 0.40 0.65]; [0.49 0.70 0.40 0.65]; [0.48 0.70  0.40 0.65]; [0.47 0.68 0.40 0.65]; [0.47 0.70 0.40 0.65]; [0.48 0.68 0.40 0.65 ]; [0.48 0.70  0.40 0.65]; [0.47 0.70 0.40 0.65]; [0.48 0.69 0.40 0.65]; [0.48 0.69 0.40 0.65]; [0.48 0.68 0.40 0.65]; [0.49 0.69 0.40 0.65 ]; [0.48  0.70 0.40 0.65]; [0.48 0.69 0.40 0.65]; [0.49 0.70 0.40 0.65]; [0.49  0.70 0.40  0.65 ]; [0.48 0.70 0.40 0.65]; [0.48 0.69 0.40 0.66]; [0.49 0.68 0.40 0.65]; [0.48 0.69  0.40 0.66]; [0.48 0.69 0.40 0.65 ]; [0.48 0.69 0.40 0.65]; [0.48 0.70  0.40 0.65]; [0.48 0.70 0.40 0.65]; [0.49 0.68 0.40 0.65]],host blossom-instance,HYPstats {'min': array([4.53  1.74  1.70  0.11  0.36])  'mean': array([4.53  1.74  1.73  0.11  0.37 ])  'std': array([7.72e-06  1.33e-03  1.11e-02  6.96e-04 ;       1.97e-03])  'max': array([4.53  1.74  1.74  0.11  0.37])},PESmin [-3.58],kindex 9,HYPdraws [array([4.53  1.74   1.74   0.11  0.37])  array([4.53  1.74  1.74  0.11  0.37])  array([4.53   1.74  1.73   0.11  0.37])  array([4.53  1.74  1.73  0.11  0.37])  array([4.53  1.74  1.74  0.11  0.37])  array([4.53  1.74  1.73  0.11  0.37])  array([4.53  1.74  1.74  0.11  0.37 ])  array([4.53   1.74  1.73  0.11  0.37])  array([4.53  1.74  1.74  0.11  0.36])  array([4.53  1.74  1.70  0.11  0.37])  array([4.53  1.74  1.74  0.11  0.37])  array([4.53  1.74  1.73  0.11  0.37])  array([4.53  1.74   1.72  0.11   0.37])  array([4.53  1.74  1.74  0.11  0.37])  array([4.53  1.74  1.70   0.11  0.37])  array([4.53  1.74  1.73  0.11  0.36])  array([4.53  1.74    1.72  0.11  0.37])  array([4.53  1.74  1.74  0.11  0.37])  array([4.53  1.74  1.73  0.11  0.37])  array([4.53  1.74  1.74  0.11  0.37])  array([4.53  1.74   1.73  0.11  0.37])  array([4.53  1.74  1.74   0.11  0.37])  array([4.53  1.74  1.74  0.11   0.37 ])  array([4.53  1.74  1.74  0.11  0.37])  array([4.53  1.74  1.73  0.11  0.37])  array([4.53  1.74  1.71  0.11  0.37])  array([4.53  1.74  1.74  0.11  0.37])  array([4.53  1.74  1.74  0.11  0.37])  array([4.53   1.74  1.74  0.11   0.37 ])  array([4.53  1.74  1.74  0.11  0.37])  array([4.53   1.74  1.74  0.11  0.37])  array([4.53  1.74  1.73   0.11  0.37  ])  array([4.53  1.74  1.74  0.11  0.37])  array([4.53  1.74  1.74  0.11  0.37])  array([4.53  1.74  1.74  0.11  0.37])  array([4.53  1.74  1.74  0.11  0.37])  array([4.53  1.74  1.74  0.11   0.36])  array([4.53  1.74  1.72  0.11  0.37])  array([4.53  1.74  1.71  0.11  0.37])  array([4.53  1.74  1.73  0.11  0.37])],PIatX [0.76],DIRECTmessage b'STOP: TOTAL NO. of f AND g EVALUATIONS EXCEEDS LIMIT'ppveatx 0.99,rpve 0.08,reuseH [array([4.53  1.74   1.74   0.11  0.37])  array([4.53  1.74  1.74  0.11  0.37])  array([4.53   1.74  1.73   0.11  0.37])  array([4.53  1.74  1.73  0.11  0.37])  array([4.53  1.74  1.74  0.11  0.37])  array([4.53  1.74  1.73  0.11  0.37])  array([4.53  1.74  1.74  0.11  0.37 ])  array([4.53   1.74  1.73  0.11  0.37])  array([4.53  1.74  1.74  0.11  0.36])  array([4.53  1.74  1.70  0.11  0.37])  array([4.53  1.74  1.74  0.11  0.37])  array([4.53  1.74  1.73  0.11  0.37])  array([4.53  1.74   1.72  0.11   0.37])  array([4.53  1.74  1.74  0.11  0.37])  array([4.53  1.74  1.70   0.11  0.37])  array([4.53  1.74  1.73  0.11  0.36])  array([4.53  1.74    1.72  0.11  0.37])  array([4.53  1.74  1.74  0.11  0.37])  array([4.53  1.74  1.73  0.11  0.37])  array([4.53  1.74  1.74  0.11  0.37])  array([4.53  1.74   1.73  0.11  0.37])  array([4.53  1.74  1.74   0.11  0.37])  array([4.53  1.74  1.74  0.11   0.37 ])  array([4.53  1.74  1.74  0.11  0.37])  array([4.53  1.74  1.73  0.11  0.37])  array([4.53  1.74  1.71  0.11  0.37])  array([4.53  1.74  1.74  0.11  0.37])  array([4.53  1.74  1.74  0.11  0.37])  array([4.53   1.74  1.74  0.11   0.37 ])  array([4.53  1.74  1.74  0.11  0.37])  array([4.53   1.74  1.74  0.11  0.37])  array([4.53  1.74  1.73   0.11  0.37  ])  array([4.53  1.74  1.74  0.11  0.37])  array([4.53  1.74  1.74  0.11  0.37])  array([4.53  1.74  1.74  0.11  0.37])  array([4.53  1.74  1.74  0.11  0.37])  array([4.53  1.74  1.74  0.11   0.36])  array([4.53  1.74  1.72  0.11  0.37])  array([4.53  1.74  1.71  0.11  0.37])  array([4.53  1.74  1.73  0.11  0.37])],Gstuff [array([[ 0.36  -0.31   0.03  -0.49] ;       [ 0.35   0.04   0.95   0.14] ;       [ 0.49   0.70   0.39   0.67] ;       [ 0.98  -0.44  -0.73  -0.21] ;       [-0.25   0.02   0.53  -0.48 ] ;       [-0.04  -0.95  -0.17   0.58] ;       [-0.91   0.51   0.59   0.28] ;       [ 0.66   0.24  -0.82   0.97] ;       [ 0.50  -0.03   0.62   0.09] ;       [-0.59  -0.59  -0.39   0.37]])  array([[ 267.60] ;       [1644.15] ;       [ 235.23 ] ;       [3782.67] ;       [ 616.40] ;       [2294.09] ;       [ 708.69] ;       [ 653.84] ;       [ 502.60] ;       [1269.83]])  array([[0.] ;       [0.] ;       [0.] ;       [0.] ;       [0.] ;       [0.] ;       [0.] ;       [0.] ;       [0.] ;       [0.]])  [[nan]  [nan]  [nan]  [nan]  [nan]  [nan]  [nan]  [nan]  [nan]  [nan]]  9  array([2.  3.  3.  3.  3.])  array([0.5   0.15  0.15  0.15  0.15])  40  'gamma'],H [[ 5.11e+02  1.21e-01  9.54e+00 -4.47e+00]; [ 1.21e-01  5.17e+02  9.63e+00 -7.75e+00]; [ 9.54e+00  9.63e+00  1.19e+05 -5.72e+02]; [-4.47e+00 -7.75e+00 -5.72e+02  1.14e+04]],offsetEI 267.37,log10GRest 1.53,start [ 0.36 -0.31   0.03 -0.49]
12, 0.5215592176704174, 0.8618196278519517, 0.4783443045798041, 0.6442911818694079, [nan], 0.0, 508.5584647201292, 1.0, 0.49930866342226066, -0.04250386308089279, 0.5231840572936689, 0.09160875459348816, 334.93096191494203,249.17226199999996, 0.0005480000000375185, 0.2117179999999621, 13:56:12  24-04-20,0.0,AQvalue [2.77],mindraws [[0.50 0.77 0.44 0.64]; [0.50 0.79 0.44 0.64]; [0.51 0.78 0.44 0.64]; [0.51 0.77 0.44 0.64]; [0.50 0.79 0.44 0.64]; [0.50 0.77 0.44 0.64]; [0.51 0.77 0.44  0.64]; [0.50 0.77  0.44 0.64]; [0.52  0.77 0.44 0.64]; [0.50 0.79 0.44  0.64]; [0.50 0.77 0.44 0.64]; [0.50 0.78 0.44 0.64]; [0.51 0.78 0.44 0.64]; [0.51 0.77 0.44 0.64]; [0.51 0.78 0.44 0.64]; [0.51 0.77 0.44 0.64]; [0.51 0.78 0.44 0.64]; [0.51 0.77 0.44 0.64]; [0.51 0.78 0.44 0.64]; [0.50 0.78 0.44 0.64]; [0.50 0.77 0.44 0.64]; [0.51 0.77 0.44  0.64]; [0.50  0.78 0.44 0.64]; [0.50 0.78  0.44 0.64]; [0.50 0.79 0.44 0.64]; [0.50 0.79 0.44 0.64 ]; [0.51 0.78 0.44 0.64]; [0.50 0.78 0.44  0.64]; [0.50 0.78 0.44 0.64]; [0.50 0.77 0.44 0.64]; [0.51 0.77 0.44 0.64]; [0.50 0.77 0.44 0.64]; [0.50 0.79  0.44 0.64]; [0.51 0.78 0.44 0.64]; [0.50 0.78 0.44 0.64 ]; [0.50 0.77 0.44  0.64]; [0.49 0.78 0.44 0.64]; [0.51 0.78 0.44  0.64]; [0.49 0.78 0.44 0.64 ]; [0.51 0.78 0.44 0.64]; [0.51 0.78 0.44 0.64]; [0.51 0.78 0.44 0.64]; [0.50 0.78 0.44 0.64]; [0.51 0.78 0.44 0.64]; [0.50 0.78 0.44 0.64]; [0.51 0.78 0.44 0.64]; [0.50 0.78 0.44 0.64]; [0.51 0.78 0.44 0.64]; [0.51  0.79 0.44 0.64]; [0.51 0.77 0.44 0.64]; [0.51 0.78 0.44 0.64]; [0.50 0.77 0.44 0.64]],host blossom-instance,HYPstats {'min': array([4.53   1.73  1.67  0.33   0.10])  'mean': array([4.53  1.74  1.73  0.33  0.11])  'std': array([9.80e-06  2.95e-03  1.42e-02  2.23e-03 ;       7.75e-04])  'max': array([4.53  1.74  1.74   0.34  0.11])},PESmin [-2.77],kindex 9,HYPdraws [array([4.53  1.74   1.74  0.34  0.11])  array([4.53  1.73  1.72  0.33  0.11  ])  array([4.53  1.74  1.71  0.34  0.11])  array([4.53  1.74  1.71  0.33  0.11])  array([4.53  1.74  1.71  0.34  0.11 ])  array([4.53  1.74  1.73  0.33  0.11])  array([4.53  1.74  1.74  0.33  0.11])  array([4.53  1.74  1.70  0.34  0.11])  array([4.53   1.74  1.73  0.33  0.11])  array([4.53  1.73  1.74   0.34  0.11])  array([4.53  1.74  1.72  0.33  0.11])  array([4.53  1.74  1.67  0.34  0.11])  array([4.53  1.74  1.74  0.33   0.11])  array([4.53   1.74  1.73  0.33  0.11])  array([4.53  1.74  1.72  0.33  0.11])  array([4.53  1.74  1.73  0.33  0.11])  array([4.53  1.74   1.74  0.33  0.11 ])  array([4.53   1.74  1.73  0.34  0.11])  array([4.53  1.74  1.73  0.33  0.11])  array([4.53  1.74   1.73  0.33   0.11])  array([4.53  1.74  1.72  0.33  0.11])  array([4.53  1.74  1.73   0.34  0.10])  array([4.53  1.74  1.74  0.33  0.11 ])  array([4.53  1.74  1.73  0.34  0.11])  array([4.53  1.74  1.73   0.33  0.11])  array([4.53  1.74  1.74  0.34  0.11 ])  array([4.53  1.74   1.73  0.33  0.11])  array([4.53   1.74  1.72  0.33  0.11])  array([4.53  1.74  1.72  0.34  0.11])  array([4.53  1.74  1.73  0.34  0.11 ])  array([4.53  1.74  1.74  0.34  0.11])  array([4.53  1.74  1.72    0.34   0.11])  array([4.53  1.74   1.74  0.34  0.11])  array([4.53  1.74  1.74  0.33  0.11])  array([4.53  1.74  1.72  0.33  0.11])  array([4.53   1.74  1.72  0.33   0.11 ])  array([4.53    1.74  1.72  0.33   0.11])  array([4.53   1.74  1.70  0.34  0.11 ])  array([4.53  1.74  1.73  0.34  0.11])  array([4.53  1.74  1.74  0.33  0.11])],PIatX [0.99],DIRECTmessage b'CONVERGENCE: REL_REDUCTION_OF_F_<=_FACTR*EPSMCH'ppveatx 0.99,rpve 0.07,reuseH [array([4.53  1.74   1.74  0.34  0.11])  array([4.53  1.73  1.72  0.33  0.11  ])  array([4.53  1.74  1.71  0.34  0.11])  array([4.53  1.74  1.71  0.33  0.11])  array([4.53  1.74  1.71  0.34  0.11 ])  array([4.53  1.74  1.73  0.33  0.11])  array([4.53  1.74  1.74  0.33  0.11])  array([4.53  1.74  1.70  0.34  0.11])  array([4.53   1.74  1.73  0.33  0.11])  array([4.53  1.73  1.74   0.34  0.11])  array([4.53  1.74  1.72  0.33  0.11])  array([4.53  1.74  1.67  0.34  0.11])  array([4.53  1.74  1.74  0.33   0.11])  array([4.53   1.74  1.73  0.33  0.11])  array([4.53  1.74  1.72  0.33  0.11])  array([4.53  1.74  1.73  0.33  0.11])  array([4.53  1.74   1.74  0.33  0.11 ])  array([4.53   1.74  1.73  0.34  0.11])  array([4.53  1.74  1.73  0.33  0.11])  array([4.53  1.74   1.73  0.33   0.11])  array([4.53  1.74  1.72  0.33  0.11])  array([4.53  1.74  1.73   0.34  0.10])  array([4.53  1.74  1.74  0.33  0.11 ])  array([4.53  1.74  1.73  0.34  0.11])  array([4.53  1.74  1.73   0.33  0.11])  array([4.53  1.74  1.74  0.34  0.11 ])  array([4.53  1.74   1.73  0.33  0.11])  array([4.53   1.74  1.72  0.33  0.11])  array([4.53  1.74  1.72  0.34  0.11])  array([4.53  1.74  1.73  0.34  0.11 ])  array([4.53  1.74  1.74  0.34  0.11])  array([4.53  1.74  1.72    0.34   0.11])  array([4.53  1.74   1.74  0.34  0.11])  array([4.53  1.74  1.74  0.33  0.11])  array([4.53  1.74  1.72  0.33  0.11])  array([4.53   1.74  1.72  0.33   0.11 ])  array([4.53    1.74  1.72  0.33   0.11])  array([4.53   1.74  1.70  0.34  0.11 ])  array([4.53  1.74  1.73  0.34  0.11])  array([4.53  1.74  1.74  0.33  0.11])],Gstuff [array([[ 0.37  -0.30   0.49  -0.03] ;       [ 0.35   0.05  -0.15  -0.95] ;       [ 0.47   0.72  -0.67  -0.39 ] ;       [ 0.99  -0.42   0.21   0.73] ;       [-0.26   0.01   0.47  -0.54] ;       [-0.02  -0.96  -0.58   0.17] ;       [-0.92   0.49  -0.28  -0.59] ;       [ 0.66   0.26  -0.96   0.83] ;       [ 0.50  -0.02   -0.10  -0.62] ;       [-0.57  -0.60  -0.36   0.39] ;       [ 0.46   0.69  -0.64  -0.40]])  array([[ 267.60] ;       [1644.15] ;       [ 235.23 ] ;       [3782.67] ;       [ 616.40] ;       [2294.09] ;       [ 708.69] ;       [ 653.84] ;       [ 502.60] ;       [1269.83] ;       [ 189.03]])  array([[0.] ;       [0.] ;       [0.] ;       [0.] ;       [0.] ;       [0.] ;       [0.] ;       [0.] ;       [0.] ;       [0.] ;       [0.]])  [[nan]  [nan]  [nan]  [nan]  [nan]  [nan]  [nan]  [nan]  [nan]  [nan]  [nan]]  9  array([2.  3.  3.  3.  3.])  array([0.5   0.15  0.15  0.15  0.15])  40  'gamma'],H [[ 4.61e+02  6.87e-02  2.94e+00 -6.07e+00]; [ 6.87e-02  4.69e+02  5.28e+00 -6.16e+00]; [ 2.94e+00  5.28e+00  1.24e+04 -4.24e+02]; [-6.07e+00 -6.16e+00 -4.24e+02  1.13e+05]],offsetEI 267.49,log10GRest 2.06,start [ 0.36 -0.31  0.03 -0.49 ]
13, 0.48204970804144615, 0.6854299387396111, 0.364817638387045, 0.643972240840811, [nan], 0.0, 226.16710593713736, 1.0, 0.4836140432722332, 0.6880158362101585, 1.0, 0.6311353127886454, 861.9913653210268,263.344025, 0.0004340000000411237, 0.21625699999992776, 13:58:20  24-04-20,0.0,AQvalue [3.00],mindraws [[0.48 0.64 0.40 0.63]; [0.48 0.64 0.39 0.63 ]; [0.48  0.64 0.40 0.63]; [0.48 0.63 0.39 0.63]; [0.48 0.63 0.40 0.62]; [0.48 0.64 0.39  0.62]; [0.48 0.65 0.39 0.63]; [0.48 0.64  0.39  0.62]; [0.48 0.65 0.40  0.63]; [0.48 0.64 0.40 0.63]; [0.48   0.63 0.38 0.63]; [0.48 0.64 0.39 0.63]; [0.48 0.64 0.39  0.63]; [0.48 0.63 0.40 0.63]; [0.48 0.64 0.39 0.63]; [0.48 0.64  0.39 0.63]; [0.48 0.64 0.40 0.63 ]; [0.48 0.64  0.39 0.63]; [0.48 0.64 0.39 0.63]; [0.48 0.64 0.39 0.63]; [0.48 0.64 0.39 0.63]; [0.48 0.64 0.38 0.63]; [0.48  0.64 0.40 0.63]; [0.48 0.64  0.40 0.63]; [0.48 0.63 0.40 0.63]; [0.48 0.64  0.39 0.63]; [0.48 0.64 0.38 0.63]; [0.48 0.64 0.39 0.63]; [0.48 0.65 0.40 0.63]; [0.48 0.65 0.40 0.63]; [0.48 0.64 0.38 0.63]; [0.48 0.64 0.39 0.63]; [0.48 0.64 0.39 0.63]; [0.48 0.63  0.39 0.63]; [0.48 0.64 0.39 0.63]; [0.48 0.64 0.39 0.63 ]; [0.48 0.64 0.39 0.62]; [0.48 0.64 0.41 0.63]; [0.48 0.64 0.39 0.62]; [0.48 0.64 0.40 0.63]; [0.48 0.64 0.40 0.63]; [0.48 0.64 0.39 0.63]; [0.48 0.64 0.39 0.63]; [0.48 0.64  0.40 0.63]; [0.48 0.65  0.40 0.63 ]; [0.48 0.64 0.39 0.62]; [0.48 0.65 0.39 0.63]; [0.48 0.65 0.39 0.63]; [0.48 0.65 0.38 0.63]; [0.48 0.64 0.39 0.62 ]; [0.48 0.64 0.38 0.63]; [0.48 0.65 0.40 0.63]],host blossom-instance,HYPstats {'min': array([4.53  0.05  1.36  1.74  0.29])  'mean': array([4.53  0.05  1.41  1.74   0.30])  'std': array([9.01e-06  3.65e-04  2.54e-02  1.27e-03 ;       2.19e-03])  'max': array([4.53  0.05  1.47  1.74  0.30])},PESmin [-3.00],kindex 9,HYPdraws [array([4.53  0.05  1.41  1.74  0.30])  array([4.53  0.05  1.44  1.74  0.30])  array([4.53  0.05  1.44   1.74  0.30])  array([4.53  0.05  1.39  1.74  0.30])  array([4.53  0.05  1.39  1.74  0.30])  array([4.53  0.05  1.44  1.74  0.29])  array([4.53  0.05  1.43  1.74  0.30])  array([4.53  0.05  1.38  1.74  0.30])  array([4.53  0.05  1.45  1.74  0.30])  array([4.53  0.05  1.36  1.74  0.30])  array([4.53   0.05  1.38  1.74  0.30])  array([4.53  0.05  1.47  1.74   0.30])  array([4.53  0.05  1.40  1.74  0.30])  array([4.53  0.05  1.39  1.74  0.30])  array([4.53  0.05  1.42  1.74  0.30])  array([4.53  0.05  1.38  1.74  0.30])  array([4.53  0.05  1.38  1.74  0.30])  array([4.53   0.05   1.38   1.74  0.30])  array([4.53  0.05  1.41  1.74  0.30])  array([4.53  0.05  1.42  1.74  0.30])  array([4.53  0.05  1.38  1.74  0.30])  array([4.53  0.05  1.41  1.74  0.30])  array([4.53   0.05  1.40  1.74  0.30])  array([4.53  0.05  1.37  1.74  0.30])  array([4.53  0.05  1.43  1.74  0.30])  array([4.53  0.05  1.38  1.74  0.30])  array([4.53   0.05  1.37  1.74  0.30])  array([4.53  0.05  1.41  1.74  0.30 ])  array([4.53  0.05  1.39  1.74  0.30])  array([4.53   0.05   1.39  1.74  0.30])  array([4.53  0.05  1.42  1.74  0.30])  array([4.53  0.05  1.41  1.74  0.30])  array([4.53  0.05  1.42  1.74  0.30])  array([4.53  0.05  1.39    1.74  0.30])  array([4.53  0.05  1.37  1.74  0.30])  array([4.53  0.05  1.44  1.74  0.30])  array([4.53  0.05  1.43  1.74  0.30])  array([4.53  0.05  1.43  1.74  0.30])  array([4.53  0.05  1.39  1.74  0.30])  array([4.53  0.05   1.43  1.74  0.30])],PIatX [0.30],DIRECTmessage b'STOP: TOTAL NO. of f AND g EVALUATIONS EXCEEDS LIMIT'ppveatx 0.99,rpve 0.03,reuseH [array([4.53  0.05  1.41  1.74  0.30])  array([4.53  0.05  1.44  1.74  0.30])  array([4.53  0.05  1.44   1.74  0.30])  array([4.53  0.05  1.39  1.74  0.30])  array([4.53  0.05  1.39  1.74  0.30])  array([4.53  0.05  1.44  1.74  0.29])  array([4.53  0.05  1.43  1.74  0.30])  array([4.53  0.05  1.38  1.74  0.30])  array([4.53  0.05  1.45  1.74  0.30])  array([4.53  0.05  1.36  1.74  0.30])  array([4.53   0.05  1.38  1.74  0.30])  array([4.53  0.05  1.47  1.74   0.30])  array([4.53  0.05  1.40  1.74  0.30])  array([4.53  0.05  1.39  1.74  0.30])  array([4.53  0.05  1.42  1.74  0.30])  array([4.53  0.05  1.38  1.74  0.30])  array([4.53  0.05  1.38  1.74  0.30])  array([4.53   0.05   1.38   1.74  0.30])  array([4.53  0.05  1.41  1.74  0.30])  array([4.53  0.05  1.42  1.74  0.30])  array([4.53  0.05  1.38  1.74  0.30])  array([4.53  0.05  1.41  1.74  0.30])  array([4.53   0.05  1.40  1.74  0.30])  array([4.53  0.05  1.37  1.74  0.30])  array([4.53  0.05  1.43  1.74  0.30])  array([4.53  0.05  1.38  1.74  0.30])  array([4.53   0.05  1.37  1.74  0.30])  array([4.53  0.05  1.41  1.74  0.30 ])  array([4.53  0.05  1.39  1.74  0.30])  array([4.53   0.05   1.39  1.74  0.30])  array([4.53  0.05  1.42  1.74  0.30])  array([4.53  0.05  1.41  1.74  0.30])  array([4.53  0.05  1.42  1.74  0.30])  array([4.53  0.05  1.39    1.74  0.30])  array([4.53  0.05  1.37  1.74  0.30])  array([4.53  0.05  1.44  1.74  0.30])  array([4.53  0.05  1.43  1.74  0.30])  array([4.53  0.05  1.43  1.74  0.30])  array([4.53  0.05  1.39  1.74  0.30])  array([4.53  0.05   1.43  1.74  0.30])],Gstuff [array([[ 0.37  -0.30  -0.49  -0.03] ;       [ 0.35   0.05   0.15  -0.95] ;       [ 0.47   0.72   0.67  -0.39] ;       [ 0.99  -0.41  -0.22   0.73] ;       [-0.26   0.01   -0.47  -0.54] ;       [-0.02  -0.96   0.58   0.17] ;       [-0.93   0.48   0.29  -0.59] ;       [ 0.66   0.26   0.96   0.83] ;       [ 0.50  -0.02   0.10  -0.62] ;       [-0.57  -0.61   0.36   0.39] ;       [ 0.46   0.70   0.64  -0.40] ;       [ 0.49   0.87   0.64  -0.47]])  array([[ 267.60] ;       [1644.15] ;       [ 235.23 ] ;       [3782.67] ;       [ 616.40] ;       [2294.09] ;       [ 708.69] ;       [ 653.84] ;       [ 502.60] ;       [1269.83] ;       [ 189.03] ;       [ 508.55]])  array([[0.] ;       [0.] ;       [0.] ;       [0.] ;       [0.] ;       [0.] ;       [0.] ;       [0.] ;       [0.] ;       [0.] ;       [0.] ;       [0.]])  [[nan]  [nan]  [nan]  [nan]  [nan]  [nan]  [nan]  [nan]  [nan]  [nan]  [nan]  [nan]]  9  array([2.  3.  3.  3.  3.])  array([0.5   0.15  0.15  0.15  0.15])  40  'gamma'],H [[ 2.25e+05 -8.95e-01 -1.54e+00 -3.88e+01]; [-8.95e-01  3.37e+02  6.87e-04 -4.31e-02]; [-1.54e+00  6.87e-04  2.19e+02 -1.11e-01]; [-3.88e+01 -4.31e-02 -1.11e-01  7.15e+03]],offsetEI 653.84,log10GRest 2.68,start [ 0.66  0.24 -0.82  0.97]
14, 0.44322817773763, 0.6545817918041208, 0.40562257847534094, 0.5863488571100423, [nan], 0.0, 146.33093912580455, 1.0, 0.44322817773763, 0.6545817918041208, 0.40562257847534094, 0.5863488571100423, 146.33093912580455,212.96179900000004, 0.00030699999990702054, 9.399999999004649e-05, 13:59:01  24-04-20,1e-19,host blossom-instance,msg localoptppveatx 0.99,rpve 0.07,reuseH [array([4.53  1.62  0.17  0.14  1.74])  array([4.53  1.74  0.17  0.14  1.74])  array([4.53  1.72  0.17  0.15  1.74])  array([4.53  1.73  0.17  0.15  1.74])  array([4.53  1.71   0.17  0.15  1.74])  array([4.53  1.72  0.17  0.15  1.74])  array([4.53  1.71  0.17  0.14  1.74])  array([4.53  1.64  0.17  0.15   1.74])  array([4.53  1.73  0.17  0.15  1.74])  array([4.53  1.70  0.17  0.14  1.74])  array([4.53    1.69  0.17  0.14  1.74])  array([4.53  1.72  0.17  0.14  1.74])  array([4.53  1.72  0.17  0.15  1.74])  array([4.53  1.74  0.17   0.15  1.74])  array([4.53  1.69  0.17  0.15  1.74])  array([4.53  1.73  0.17  0.14  1.74])  array([4.53  1.70  0.17  0.14  1.74])  array([4.53  1.73   0.17  0.15  1.74])  array([4.53  1.69  0.17  0.14  1.74])  array([4.53   1.67  0.17  0.14  1.74])  array([4.53  1.74  0.17   0.14  1.74])  array([4.53  1.72  0.17  0.15  1.74])  array([4.53  1.74  0.17  0.15  1.74])  array([4.53   1.69  0.17  0.15  1.74])  array([4.53  1.74  0.17  0.15  1.74])  array([4.53  1.71  0.17  0.14  1.74])  array([4.53  1.69  0.17  0.14  1.74])  array([4.53  1.61  0.17  0.15  1.74])  array([4.53  1.70  0.17  0.14  1.74])  array([4.53   1.63  0.17  0.15  1.74])  array([4.53  1.67  0.17  0.14  1.74])  array([4.53  1.70  0.17  0.14  1.74])  array([4.53  1.71  0.17  0.14  1.74  ])  array([4.53  1.74  0.17  0.14  1.74])  array([4.53  1.70  0.17  0.15  1.74])  array([4.53  1.64  0.17  0.14  1.74])  array([4.53  1.73   0.17  0.14   1.74 ])  array([4.53  1.73  0.17  0.14  1.74])  array([4.53  1.66  0.17  0.14  1.74])  array([4.53  1.73  0.17  0.15  1.74])],Gstuff [array([[ 0.49  -0.30  -0.03  -0.37] ;       [-0.15   0.05  -0.95  -0.35] ;       [-0.67   0.72  -0.39  -0.47] ;       [ 0.22  -0.41   0.73  -0.99] ;       [ 0.47   0.01  -0.54   0.26] ;       [-0.58  -0.96   0.17   0.02] ;       [-0.29   0.48  -0.59   0.93 ] ;       [-0.96   0.26   0.83  -0.65 ] ;       [-0.10  -0.02  -0.62  -0.50] ;       [-0.36  -0.61   0.39   0.57] ;       [-0.64   0.70  -0.40  -0.46] ;       [-0.64   0.87  -0.47   -0.49] ;       [-0.64    0.70  -0.35  -0.46]])  array([[ 267.60] ;       [1644.15] ;       [ 235.23 ] ;       [3782.67] ;       [ 616.40] ;       [2294.09] ;       [ 708.69] ;       [ 653.84] ;       [ 502.60] ;       [1269.83] ;       [ 189.03] ;       [ 508.55] ;       [ 226.16]])  array([[1.e-19] ;       [1.e-19] ;       [1.e-19] ;       [1.e-19] ;       [1.e-19] ;       [1.e-19] ;       [1.e-19] ;       [1.e-19] ;       [1.e-19] ;       [1.e-19] ;       [1.e-19] ;       [1.e-19] ;       [1.e-19]])  [[nan]  [nan]  [nan]  [nan]  [nan]  [nan]  [nan]  [nan]  [nan]  [nan]  [nan]  [nan]  [nan]]  9  array([2.  3.  3.  3.  3.])  array([0.5   0.15  0.15  0.15  0.15])  40  'gamma'],H [[ 4.58e+02 -9.24e+01  1.40e+01 -5.82e-01]; [-9.24e+01  4.62e+04  2.65e+03  2.48e+01]; [ 1.40e+01  2.65e+03  4.85e+04  6.94e+01]; [-5.82e-01  2.48e+01  6.94e+01  4.31e+02]],offsetEI 160.69,log10GRest -94.19,start [0.44 0.65 0.40 0.58]
15, 0.44322817773763, 0.6545817918041208, 0.40562257847534094, 0.5863488571100423, [nan], 0.0, 146.33093912580455, 1.0, 0.44322817773763, 0.6545817918041208, 0.40562257847534094, 0.5863488571100423, 146.33093912580455,0.0008809999999357387, 0.000247000000058506, 0.00010199999996984843, 13:59:01  24-04-20,1e-19,host blossom-instance,msg localopt
16, 0.4432281784337333, 0.6545817918181093, 0.4056225784724795, 0.5863488571109188, [nan], 0.0, 146.33093887826794, 1.0, 0.4432281784337333, 0.6545817918181093, 0.4056225784724795, 0.5863488571109188, 146.33093887826794,0.0007650000000012369, 0.00020999999992454832, 8.400000001529406e-05, 13:59:01  24-04-20,1e-19,host blossom-instance,msg localopt
17, 0.44322817773763, 0.6545817918734342, 0.40562257847144884, 0.5863488571097161, [nan], 0.0, 146.33093921696258, 1.0, 0.4432281784337333, 0.6545817918181093, 0.4056225784724795, 0.5863488571109188, 146.33093887826794,0.0007729999999810389, 0.00022699999999531428, 8.50000000127693e-05, 13:59:01  24-04-20,1e-19,host blossom-instance,msg localopt
18, 0.44322817773763, 0.6545817918041208, 0.40562257854310085, 0.5863488571090337, [nan], 0.0, 146.3309390751713, 1.0, 0.4432281784337333, 0.6545817918181093, 0.4056225784724795, 0.5863488571109188, 146.33093887826794,0.0007720000000972504, 0.0002049999999371721, 8.200000002034358e-05, 13:59:01  24-04-20,1e-19,host blossom-instance,msg localopt
19, 0.44322817773763, 0.6545817918041208, 0.40562257847534094, 0.586348857827239, [nan], 0.0, 146.33093927584588, 1.0, 0.4432281784337333, 0.6545817918181093, 0.4056225784724795, 0.5863488571109188, 146.33093887826794,0.0007900000000518048, 0.00020299999994222162, 8.800000000519503e-05, 13:59:01  24-04-20,1e-19,host blossom-instance,msg localopt
20, 0.48118854992865756, 0.6539526531660512, 0.4063005357244488, 0.5626854976239918, [nan], 0.0, 127.32334568829731, 1.0, 0.48118854992865756, 0.6539526531660512, 0.4063005357244488, 0.5626854976239918, 127.32334568829731,0.0009180000000696964, 0.00021500000002561137, 9.1999999995096e-05, 13:59:01  24-04-20,1e-19,host blossom-instance,msg localopt
21, 0.48118854992865756, 0.6539526531660512, 0.4063005357244488, 0.5626854976239918, [nan], 0.0, 127.32334568829731, 1.0, 0.48118854992865756, 0.6539526531660512, 0.4063005357244488, 0.5626854976239918, 127.32334568829731,0.0009090000000924192, 0.00021499999991192453, 8.800000000519503e-05, 13:59:01  24-04-20,1e-19,host blossom-instance,msg localopt
22, 0.48118855062476085, 0.6539526531800397, 0.4063005357215875, 0.5626854976248682, [nan], 0.0, 127.32334550045493, 1.0, 0.48118855062476085, 0.6539526531800397, 0.4063005357215875, 0.5626854976248682, 127.32334550045493,0.0009110000000873697, 0.0002189999999018255, 0.00010000000008858478, 13:59:01  24-04-20,1e-19,host blossom-instance,msg localopt
23, 0.48118854992865756, 0.6539526532353646, 0.40630053572055674, 0.5626854976236657, [nan], 0.0, 127.32334577466735, 1.0, 0.48118855062476085, 0.6539526531800397, 0.4063005357215875, 0.5626854976248682, 127.32334550045493,0.0009200000000646469, 0.0002069999999321226, 8.300000001781882e-05, 13:59:01  24-04-20,1e-19,host blossom-instance,msg localopt
24, 0.48118854992865756, 0.6539526531660512, 0.40630053579220876, 0.5626854976229833, [nan], 0.0, 127.32334564012547, 1.0, 0.48118855062476085, 0.6539526531800397, 0.4063005357215875, 0.5626854976248682, 127.32334550045493,0.0009809999999106367, 0.0002110000000357104, 9.999999997489795e-05, 13:59:01  24-04-20,1e-19,host blossom-instance,msg localopt
25, 0.48118854992865756, 0.6539526531660512, 0.4063005357244488, 0.5626854983411885, [nan], 0.0, 127.32334582342386, 1.0, 0.48118855062476085, 0.6539526531800397, 0.4063005357215875, 0.5626854976248682, 127.32334550045493,0.0009880000000066502, 0.0002119999999194988, 8.300000001781882e-05, 13:59:01  24-04-20,1e-19,host blossom-instance,msg localopt
26, 0.4984205441470354, 0.646092782098135, 0.41123169371186574, 0.4549799375522506, [nan], 0.0, 95.55409392328568, 1.0, 0.4984205441470354, 0.646092782098135, 0.41123169371186574, 0.4549799375522506, 95.55409392328568,0.0010640000000421423, 0.00021400000002813613, 0.00010199999996984843, 13:59:01  24-04-20,1e-19,host blossom-instance,msg localopt
27, 0.4984205441470354, 0.646092782098135, 0.41123169371186574, 0.4549799375522506, [nan], 0.0, 95.55409392328568, 1.0, 0.4984205441470354, 0.646092782098135, 0.41123169371186574, 0.4549799375522506, 95.55409392328568,0.0010620000000471919, 0.0002180000000180371, 8.600000001024455e-05, 13:59:01  24-04-20,1e-19,host blossom-instance,msg localopt
28, 0.4984205448431387, 0.6460927821121236, 0.4112316937090043, 0.45497993755312693, [nan], 0.0, 95.55409377663412, 1.0, 0.4984205448431387, 0.6460927821121236, 0.4112316937090043, 0.45497993755312693, 95.55409377663412,0.0011929999999438223, 0.00021900000001551234, 8.200000002034358e-05, 13:59:01  24-04-20,1e-19,host blossom-instance,msg localopt
29, 0.4984205441470354, 0.6460927821674484, 0.4112316937079736, 0.45497993755192445, [nan], 0.0, 95.5540940016505, 1.0, 0.4984205448431387, 0.6460927821121236, 0.4112316937090043, 0.45497993755312693, 95.55409377663412,0.0011010000000624132, 0.00021300000003066089, 8.399999990160723e-05, 13:59:01  24-04-20,1e-19,host blossom-instance,msg localopt
30, 0.4984205441470354, 0.646092782098135, 0.41123169377962565, 0.45497993755124205, [nan], 0.0, 95.55409388752932, 1.0, 0.4984205448431387, 0.6460927821121236, 0.4112316937090043, 0.45497993755312693, 95.55409377663412,0.0011399999999639476, 0.00022400000000288856, 0.00010399999996479892, 13:59:01  24-04-20,1e-19,host blossom-instance,msg localopt
31, 0.4984205441470354, 0.646092782098135, 0.41123169371186574, 0.4549799382694473, [nan], 0.0, 95.55409398864631, 1.0, 0.4984205448431387, 0.6460927821121236, 0.4112316937090043, 0.45497993755312693, 95.55409377663412,0.0011520000000473374, 0.00022100000001046283, 8.600000001024455e-05, 13:59:01  24-04-20,1e-19,host blossom-instance,msg localopt
32, 0.5869656486288964, 0.6180187917902612, 0.42430762856315096, 0.39404403765162327, [nan], 0.0, 57.34646810182001, 1.0, 0.5869656486288964, 0.6180187917902612, 0.42430762856315096, 0.39404403765162327, 57.34646810182001,0.0012269999999716674, 0.00021500000002561137, 9.000000000014552e-05, 13:59:01  24-04-20,1e-19,host blossom-instance,msg localopt
33, 0.5869656486288964, 0.6180187917902612, 0.42430762856315096, 0.39404403765162327, [nan], 0.0, 57.34646810182001, 1.0, 0.5869656486288964, 0.6180187917902612, 0.42430762856315096, 0.39404403765162327, 57.34646810182001,0.0012799999999515421, 0.00021500000002561137, 9.299999999257125e-05, 13:59:01  24-04-20,1e-19,host blossom-instance,msg localopt
34, 0.5869656493249996, 0.6180187918042498, 0.4243076285602896, 0.3940440376524996, [nan], 0.0, 57.346468235948535, 1.0, 0.5869656486288964, 0.6180187917902612, 0.42430762856315096, 0.39404403765162327, 57.34646810182001,0.0012719999999717402, 0.00021500000002561137, 8.499999989908247e-05, 13:59:01  24-04-20,1e-19,host blossom-instance,msg localopt
35, 0.5869656486288964, 0.6180187918595745, 0.42430762855925885, 0.39404403765129703, [nan], 0.0, 57.346468150791964, 1.0, 0.5869656486288964, 0.6180187917902612, 0.42430762856315096, 0.39404403765162327, 57.34646810182001,0.0012909999999237698, 0.00022100000001046283, 0.00010499999996227416, 13:59:01  24-04-20,1e-19,host blossom-instance,msg localopt
36, 0.5869656486288964, 0.6180187917902612, 0.42430762863091087, 0.39404403765061474, [nan], 0.0, 57.34646807891549, 1.0, 0.5869656486288964, 0.6180187917902612, 0.42430762863091087, 0.39404403765061474, 57.34646807891549,0.0012990000000172586, 0.00021900000001551234, 8.800000000519503e-05, 13:59:01  24-04-20,1e-19,host blossom-instance,msg localopt
37, 0.5869656486288964, 0.6180187917902612, 0.42430762856315096, 0.39404403836882, [nan], 0.0, 57.34646811705825, 1.0, 0.5869656486288964, 0.6180187917902612, 0.42430762863091087, 0.39404403765061474, 57.34646807891549,0.0013599999999769352, 0.00021700000002056186, 9.299999999257125e-05, 13:59:01  24-04-20,1e-19,host blossom-instance,msg localopt
38, 0.5269912499891696, 0.5705727733605311, 0.4460447377809404, 0.2464859908344441, [nan], 0.0, 31.33998251115245, 1.0, 0.5269912499891696, 0.5705727733605311, 0.4460447377809404, 0.2464859908344441, 31.33998251115245,0.001393000000007305, 0.00021500000002561137, 8.300000001781882e-05, 13:59:01  24-04-20,1e-19,host blossom-instance,msg localopt
39, 0.5269912499891696, 0.5705727733605311, 0.4460447377809404, 0.2464859908344441, [nan], 0.0, 31.33998251115245, 1.0, 0.5269912499891696, 0.5705727733605311, 0.4460447377809404, 0.2464859908344441, 31.33998251115245,0.001442999999994754, 0.0002180000000180371, 0.00011099999994712562, 13:59:01  24-04-20,1e-19,host blossom-instance,msg localopt
40, 0.5269912506852729, 0.5705727733745196, 0.44604473777807907, 0.24648599083532052, [nan], 0.0, 31.33998251489571, 1.0, 0.5269912499891696, 0.5705727733605311, 0.4460447377809404, 0.2464859908344441, 31.33998251115245,0.001425999999923988, 0.00021400000002813613, 9.099999999762076e-05, 13:59:01  24-04-20,1e-19,host blossom-instance,msg localopt
41, 0.5269912499891696, 0.5705727734298446, 0.4460447377770483, 0.24648599083411793, [nan], 0.0, 31.339982541099538, 1.0, 0.5269912499891696, 0.5705727733605311, 0.4460447377809404, 0.2464859908344441, 31.33998251115245,0.0014909999999872525, 0.00022799999999278953, 8.700000000771979e-05, 13:59:01  24-04-20,1e-19,host blossom-instance,msg localopt
42, 0.5269912499891696, 0.5705727733605311, 0.44604473784870036, 0.2464859908334356, [nan], 0.0, 31.33998251543757, 1.0, 0.5269912499891696, 0.5705727733605311, 0.4460447377809404, 0.2464859908344441, 31.33998251115245,0.0015329999999948996, 0.00022000000001298758, 0.00014299999998002022, 13:59:01  24-04-20,1e-19,host blossom-instance,msg localopt
43, 0.5269912499891696, 0.5705727733605311, 0.4460447377809404, 0.24648599155164086, [nan], 0.0, 31.33998241430492, 1.0, 0.5269912499891696, 0.5705727733605311, 0.4460447377809404, 0.24648599155164086, 31.33998241430492,0.0014830000000074506, 0.0002139999999144493, 8.700000000771979e-05, 13:59:01  24-04-20,1e-19,host blossom-instance,msg localopt
44, 0.5245754263463045, 0.5410516753758444, 0.4568513911492725, 0.329738404085062, [nan], 0.0, 12.775923714273464, 1.0, 0.5245754263463045, 0.5410516753758444, 0.4568513911492725, 0.329738404085062, 12.775923714273464,0.001554999999939355, 0.00021400000002813613, 9.599999998499698e-05, 13:59:01  24-04-20,1e-19,host blossom-instance,msg localopt
45, 0.5245754263463045, 0.5410516753758444, 0.4568513911492725, 0.329738404085062, [nan], 0.0, 12.775923714273464, 1.0, 0.5245754263463045, 0.5410516753758444, 0.4568513911492725, 0.329738404085062, 12.775923714273464,0.0016329999999697975, 0.00023000000010142685, 8.800000000519503e-05, 13:59:01  24-04-20,1e-19,host blossom-instance,msg localopt
46, 0.5245754270424078, 0.5410516753898329, 0.45685139114641116, 0.3297384040859384, [nan], 0.0, 12.775923746020055, 1.0, 0.5245754263463045, 0.5410516753758444, 0.4568513911492725, 0.329738404085062, 12.775923714273464,0.001613999999904081, 0.00021300000003066089, 8.700000000771979e-05, 13:59:01  24-04-20,1e-19,host blossom-instance,msg localopt
47, 0.5245754263463045, 0.5410516754451579, 0.4568513911453804, 0.3297384040847358, [nan], 0.0, 12.775923731276087, 1.0, 0.5245754263463045, 0.5410516753758444, 0.4568513911492725, 0.329738404085062, 12.775923714273464,0.0016350000000784348, 0.0002139999999144493, 8.900000000267028e-05, 13:59:01  24-04-20,1e-19,host blossom-instance,msg localopt
48, 0.5245754263463045, 0.5410516753758444, 0.4568513912170324, 0.32973840408405347, [nan], 0.0, 12.775923716621012, 1.0, 0.5245754263463045, 0.5410516753758444, 0.4568513911492725, 0.329738404085062, 12.775923714273464,0.001638999999954649, 0.00021500000002561137, 9.299999999257125e-05, 13:59:01  24-04-20,1e-19,host blossom-instance,msg localopt
49, 0.5245754263463045, 0.5410516753758444, 0.4568513911492725, 0.32973840480225874, [nan], 0.0, 12.775923655490645, 1.0, 0.5245754263463045, 0.5410516753758444, 0.4568513911492725, 0.32973840480225874, 12.775923655490645,0.001718999999980042, 0.0002160000000230866, 8.900000000267028e-05, 13:59:01  24-04-20,1e-19,host blossom-instance,msg localopt
50, 0.4966238166463514, 0.4949332199603197, 0.47367866741780335, 0.45911048121357, [nan], 0.0, 0.373635995269058, 1.0, 0.4966238166463514, 0.4949332199603197, 0.47367866741780335, 0.45911048121357, 0.373635995269058,0.001722999999969943, 0.00024000000007617928, 9.699999998247222e-05, 13:59:01  24-04-20,1e-19,host blossom-instance,msg localopt
51, 0.4966238166463514, 0.4949332199603197, 0.47367866741780335, 0.45911048121357, [nan], 0.0, 0.373635995269058, 1.0, 0.4966238166463514, 0.4949332199603197, 0.47367866741780335, 0.45911048121357, 0.373635995269058,0.00176499999997759, 0.00021700000002056186, 9.599999998499698e-05, 13:59:01  24-04-20,1e-19,host blossom-instance,msg localopt
52, 0.4966238173424547, 0.4949332199743082, 0.473678667414942, 0.45911048121444636, [nan], 0.0, 0.3736360080174532, 1.0, 0.4966238166463514, 0.4949332199603197, 0.47367866741780335, 0.45911048121357, 0.373635995269058,0.0017970000000104847, 0.0002160000000230866, 9.099999999762076e-05, 13:59:01  24-04-20,1e-19,host blossom-instance,msg localopt
53, 0.4966238166463514, 0.4949332200296331, 0.47367866741391124, 0.4591104812132439, [nan], 0.0, 0.373635998070816, 1.0, 0.4966238166463514, 0.4949332199603197, 0.47367866741780335, 0.45911048121357, 0.373635995269058,0.0018209999999498905, 0.00021700000002056186, 9.699999998247222e-05, 13:59:01  24-04-20,1e-19,host blossom-instance,msg localopt
54, 0.4966238166463514, 0.4949332199603197, 0.4736786674855633, 0.45911048121256154, [nan], 0.0, 0.3736359937140761, 1.0, 0.4966238166463514, 0.4949332199603197, 0.4736786674855633, 0.45911048121256154, 0.3736359937140761,0.0018100000000913496, 0.0002139999999144493, 9.000000000014552e-05, 13:59:01  24-04-20,1e-19,host blossom-instance,msg localopt
55, 0.4966238166463514, 0.4949332199603197, 0.47367866741780335, 0.45911048193076676, [nan], 0.0, 0.3736359950270173, 1.0, 0.4966238166463514, 0.4949332199603197, 0.4736786674855633, 0.45911048121256154, 0.3736359937140761,0.001822999999944841, 0.00021400000002813613, 9.299999999257125e-05, 13:59:01  24-04-20,1e-19,host blossom-instance,msg localopt
56, 0.4883047222571943, 0.4853080428199356, 0.47757573097500106, 0.46827067572075465, [nan], 0.0, 0.014485657563346672, 1.0, 0.4883047222571943, 0.4853080428199356, 0.47757573097500106, 0.46827067572075465, 0.014485657563346672,0.0018830000000207292, 0.0002250000000003638, 8.900000000267028e-05, 13:59:01  24-04-20,1e-19,host blossom-instance,msg localopt
57, 0.4883047222571943, 0.4853080428199356, 0.47757573097500106, 0.46827067572075465, [nan], 0.0, 0.014485657563346672, 1.0, 0.4883047222571943, 0.4853080428199356, 0.47757573097500106, 0.46827067572075465, 0.014485657563346672,0.0019349999998894418, 0.0002180000000180371, 8.800000000519503e-05, 13:59:01  24-04-20,1e-19,host blossom-instance,msg localopt
58, 0.4883047229532975, 0.48530804283392415, 0.4775757309721397, 0.4682706757216311, [nan], 0.0, 0.014485661184490618, 1.0, 0.4883047222571943, 0.4853080428199356, 0.47757573097500106, 0.46827067572075465, 0.014485657563346672,0.001962000000048647, 0.00021500000002561137, 9.799999997994746e-05, 13:59:01  24-04-20,1e-19,host blossom-instance,msg localopt
59, 0.4883047222571943, 0.485308042889249, 0.47757573097110895, 0.4682706757204285, [nan], 0.0, 0.014485657961238543, 1.0, 0.4883047222571943, 0.4853080428199356, 0.47757573097500106, 0.46827067572075465, 0.014485657563346672,0.0019680000000334985, 0.00022200000000793807, 8.900000000267028e-05, 13:59:01  24-04-20,1e-19,host blossom-instance,msg localopt
60, 0.4883047222571943, 0.4853080428199356, 0.477575731042761, 0.4682706757197461, [nan], 0.0, 0.014485657155113832, 1.0, 0.4883047222571943, 0.4853080428199356, 0.477575731042761, 0.4682706757197461, 0.014485657155113832,0.0019590000000562213, 0.00024699999994481914, 0.00012000000003808964, 13:59:01  24-04-20,1e-19,host blossom-instance,msg localopt
61, 0.4883047222571943, 0.4853080428199356, 0.47757573097500106, 0.4682706764379514, [nan], 0.0, 0.01448565826469279, 1.0, 0.4883047222571943, 0.4853080428199356, 0.477575731042761, 0.4682706757197461, 0.014485657155113832,0.001995000000079017, 0.00021400000002813613, 8.900000000267028e-05, 13:59:01  24-04-20,1e-19,host blossom-instance,msg localopt
62, 0.4860337561240438, 0.48335207236278, 0.4783961512080174, 0.4688206105266858, [nan], 0.0, 0.0006233039800253276, 1.0, 0.4860337561240438, 0.48335207236278, 0.4783961512080174, 0.4688206105266858, 0.0006233039800253276,0.002070000000003347, 0.00023099999998521525, 8.900000000267028e-05, 13:59:01  24-04-20,1e-19,host blossom-instance,msg localopt
63, 0.4860337561240438, 0.48335207236278, 0.4783961512080174, 0.4688206105266858, [nan], 0.0, 0.0006233039800253276, 1.0, 0.4860337561240438, 0.48335207236278, 0.4783961512080174, 0.4688206105266858, 0.0006233039800253276,0.0020680000000083965, 0.0002160000000230866, 9.399999999004649e-05, 13:59:01  24-04-20,1e-19,host blossom-instance,msg localopt
64, 0.48603375682014704, 0.4833520723767685, 0.478396151205156, 0.46882061052756224, [nan], 0.0, 0.0006233044806689846, 1.0, 0.4860337561240438, 0.48335207236278, 0.4783961512080174, 0.4688206105266858, 0.0006233039800253276,0.002126000000089334, 0.00022899999999026477, 9.1999999995096e-05, 13:59:01  24-04-20,1e-19,host blossom-instance,msg localopt
65, 0.4860337561240438, 0.4833520724320934, 0.47839615120412526, 0.46882061052635965, [nan], 0.0, 0.0006233039613615218, 1.0, 0.4860337561240438, 0.4833520724320934, 0.47839615120412526, 0.46882061052635965, 0.0006233039613615218,0.0021839999999428983, 0.00023500000008880306, 9.099999999762076e-05, 13:59:01  24-04-20,1e-19,host blossom-instance,msg localopt
66, 0.4860337561240438, 0.48335207236278, 0.47839615127577734, 0.46882061052567725, [nan], 0.0, 0.0006233039577761578, 1.0, 0.4860337561240438, 0.48335207236278, 0.47839615127577734, 0.46882061052567725, 0.0006233039577761578,0.0021360000000640866, 0.00022100000001046283, 0.00010399999996479892, 13:59:01  24-04-20,1e-19,host blossom-instance,msg localopt
67, 0.4860337561240438, 0.48335207236278, 0.4783961512080174, 0.46882061124388247, [nan], 0.0, 0.0006233040458661846, 1.0, 0.4860337561240438, 0.48335207236278, 0.47839615127577734, 0.46882061052567725, 0.0006233039577761578,0.0021700000000919317, 0.0002230000000054133, 9.1999999995096e-05, 13:59:01  24-04-20,1e-19,host blossom-instance,msg localopt
68, 0.4858300345805754, 0.4833097929406103, 0.47841673160538745, 0.46875690959372823, [nan], 0.0, 0.0005401178793907764, 1.0, 0.4858300345805754, 0.4833097929406103, 0.47841673160538745, 0.46875690959372823, 0.0005401178793907764,0.002274999999940519, 0.00022000000001298758, 9.099999999762076e-05, 13:59:01  24-04-20,1e-19,host blossom-instance,msg localopt
69, 0.4858300345805754, 0.4833097929406103, 0.47841673160538745, 0.46875690959372823, [nan], 0.0, 0.0005401178793907764, 1.0, 0.4858300345805754, 0.4833097929406103, 0.47841673160538745, 0.46875690959372823, 0.0005401178793907764,0.0023979999999710344, 0.0002180000000180371, 9.1999999995096e-05, 13:59:01  24-04-20,1e-19,host blossom-instance,msg localopt
70, 0.4858300352766786, 0.4833097929545988, 0.47841673160252607, 0.46875690959460453, [nan], 0.0, 0.0005401179576021945, 1.0, 0.4858300345805754, 0.4833097929406103, 0.47841673160538745, 0.46875690959372823, 0.0005401178793907764,0.002283000000034008, 0.00022999999998774, 9.499999998752173e-05, 13:59:01  24-04-20,1e-19,host blossom-instance,msg localopt
71, 0.4858300345805754, 0.4833097930099237, 0.4784167316014953, 0.46875690959340194, [nan], 0.0, 0.0005401178688382527, 1.0, 0.4858300345805754, 0.4833097930099237, 0.4784167316014953, 0.46875690959340194, 0.0005401178688382527,0.0023569999999608626, 0.00022899999999026477, 0.00010199999996984843, 13:59:01  24-04-20,1e-19,host blossom-instance,msg localopt
72, 0.4858300345805754, 0.4833097929406103, 0.47841673167314736, 0.4687569095927197, [nan], 0.0, 0.0005401178747556866, 1.0, 0.4858300345805754, 0.4833097930099237, 0.4784167316014953, 0.46875690959340194, 0.0005401178688382527,0.002372000000036678, 0.0002529999999296706, 0.000105000000075961, 13:59:01  24-04-20,1e-19,host blossom-instance,msg localopt
73, 0.4858300345805754, 0.4833097929406103, 0.47841673160538745, 0.468756910310925, [nan], 0.0, 0.0005401178826446683, 1.0, 0.4858300345805754, 0.4833097930099237, 0.4784167316014953, 0.46875690959340194, 0.0005401178688382527,0.0023820000000114305, 0.0002540000000408327, 0.00010099999997237319, 13:59:01  24-04-20,1e-19,host blossom-instance,msg localopt
74, 0.4858032666617907, 0.4833235687935535, 0.4784134223381392, 0.4687416316235478, [nan], 0.0, 0.0005373548459926228, 1.0, 0.4858032666617907, 0.4833235687935535, 0.4784134223381392, 0.4687416316235478, 0.0005373548459926228,0.0024829999999838037, 0.00023099999998521525, 0.00010899999995217513, 13:59:01  24-04-20,1e-19,host blossom-instance,msg localopt
75, 0.4858032666617907, 0.4833235687935535, 0.4784134223381392, 0.4687416316235478, [nan], 0.0, 0.0005373548459926228, 1.0, 0.4858032666617907, 0.4833235687935535, 0.4784134223381392, 0.4687416316235478, 0.0005373548459926228,0.0025229999999965003, 0.00023999999996249244, 0.00012000000003808964, 13:59:01  24-04-20,1e-19,host blossom-instance,msg localopt
76, 0.485803267357894, 0.483323568807542, 0.47841342233527784, 0.4687416316244242, [nan], 0.0, 0.0005373548476686813, 1.0, 0.4858032666617907, 0.4833235687935535, 0.4784134223381392, 0.4687416316235478, 0.0005373548459926228,0.0025019999999358333, 0.0002380000000812288, 0.00011599999993450183, 13:59:01  24-04-20,1e-19,host blossom-instance,msg localopt
77, 0.4858032666617907, 0.48332356886286687, 0.47841342233424716, 0.46874163162322163, [nan], 0.0, 0.0005373548429122916, 1.0, 0.4858032666617907, 0.48332356886286687, 0.47841342233424716, 0.46874163162322163, 0.0005373548429122916,0.002525999999988926, 0.00022799999999278953, 9.1999999995096e-05, 13:59:01  24-04-20,1e-19,host blossom-instance,msg localopt
78, 0.4858032666617907, 0.4833235687935535, 0.4784134224058991, 0.4687416316225393, [nan], 0.0, 0.0005373548406042757, 1.0, 0.4858032666617907, 0.4833235687935535, 0.4784134224058991, 0.4687416316225393, 0.0005373548406042757,0.0024750000000040018, 0.00021400000002813613, 8.900000000267028e-05, 13:59:01  24-04-20,1e-19,host blossom-instance,msg localopt
79, 0.4858032666617907, 0.4833235687935535, 0.4784134223381392, 0.46874163234074456, [nan], 0.0, 0.0005373548439562962, 1.0, 0.4858032666617907, 0.4833235687935535, 0.4784134224058991, 0.4687416316225393, 0.0005373548406042757,0.002560000000016771, 0.00021400000002813613, 9.099999999762076e-05, 13:59:01  24-04-20,1e-19,host blossom-instance,msg localopt
80, 0.48580282893428195, 0.48332751660445483, 0.47841412950302215, 0.46874362952483606, [nan], 0.0, 0.0005371295901954907, 1.0, 0.48580282893428195, 0.48332751660445483, 0.47841412950302215, 0.46874362952483606, 0.0005371295901954907,0.002605000000016844, 0.0002230000000054133, 9.299999999257125e-05, 13:59:01  24-04-20,1e-19,host blossom-instance,msg localopt
81, 0.48580282893428195, 0.48332751660445483, 0.47841412950302215, 0.46874362952483606, [nan], 0.0, 0.0005371295901954907, 1.0, 0.48580282893428195, 0.48332751660445483, 0.47841412950302215, 0.46874362952483606, 0.0005371295901954907,0.002639000000044689, 0.00021900000001551234, 9.299999999257125e-05, 13:59:01  24-04-20,1e-19,host blossom-instance,msg localopt
82, 0.48580282963038524, 0.48332751661844336, 0.4784141295001608, 0.46874362952571247, [nan], 0.0, 0.000537129586512304, 1.0, 0.48580282963038524, 0.48332751661844336, 0.4784141295001608, 0.46874362952571247, 0.000537129586512304,0.0026199999999789725, 0.00022400000000288856, 0.0001059999999597494, 13:59:01  24-04-20,1e-19,host blossom-instance,msg localopt
83, 0.48580282893428195, 0.4833275166737682, 0.4784141294991301, 0.4687436295245099, [nan], 0.0, 0.0005371295882428064, 1.0, 0.48580282963038524, 0.48332751661844336, 0.4784141295001608, 0.46874362952571247, 0.000537129586512304,0.0026199999999789725, 0.00022599999999783904, 9.1999999995096e-05, 13:59:01  24-04-20,1e-19,host blossom-instance,msg localopt
84, 0.48580282893428195, 0.48332751660445483, 0.4784141295707821, 0.46874362952382753, [nan], 0.0, 0.0005371295843347892, 1.0, 0.48580282893428195, 0.48332751660445483, 0.4784141295707821, 0.46874362952382753, 0.0005371295843347892,0.0026669999999739957, 0.00022799999999278953, 9.1999999995096e-05, 13:59:01  24-04-20,1e-19,host blossom-instance,msg localopt
85, 0.48580282893428195, 0.48332751660445483, 0.47841412950302215, 0.4687436302420328, [nan], 0.0, 0.0005371295885274525, 1.0, 0.48580282893428195, 0.48332751660445483, 0.4784141295707821, 0.46874362952382753, 0.0005371295843347892,0.0027169999999614447, 0.0002180000000180371, 0.0001059999999597494, 13:59:01  24-04-20,1e-19,host blossom-instance,msg localopt
86, 0.4858031546564026, 0.4833328219713962, 0.47841716329731154, 0.4687503340985849, [nan], 0.0, 0.000536707467842167, 1.0, 0.4858031546564026, 0.4833328219713962, 0.47841716329731154, 0.4687503340985849, 0.000536707467842167,0.0027680000000600558, 0.00022400000000288856, 0.0001519999999572974, 13:59:01  24-04-20,1e-19,host blossom-instance,msg localopt
87, 0.4858031546564026, 0.4833328219713962, 0.47841716329731154, 0.4687503340985849, [nan], 0.0, 0.000536707467842167, 1.0, 0.4858031546564026, 0.4833328219713962, 0.47841716329731154, 0.4687503340985849, 0.000536707467842167,0.00277199999993627, 0.00022699999999531428, 9.600000009868381e-05, 13:59:01  24-04-20,1e-19,host blossom-instance,msg localopt
88, 0.48580315535250584, 0.48333282198538474, 0.4784171632944502, 0.4687503340994612, [nan], 0.0, 0.0005367074590002503, 1.0, 0.48580315535250584, 0.48333282198538474, 0.4784171632944502, 0.4687503340994612, 0.0005367074590002503,0.00278600000001461, 0.00022100000001046283, 9.399999999004649e-05, 13:59:01  24-04-20,1e-19,host blossom-instance,msg localopt
89, 0.4858031546564026, 0.4833328220407096, 0.4784171632934195, 0.4687503340982587, [nan], 0.0, 0.0005367074670521093, 1.0, 0.48580315535250584, 0.48333282198538474, 0.4784171632944502, 0.4687503340994612, 0.0005367074590002503,0.002924000000007254, 0.00024000000007617928, 9.799999997994746e-05, 13:59:01  24-04-20,1e-19,host blossom-instance,msg localopt
90, 0.4858031546564026, 0.4833328219713962, 0.4784171633650715, 0.4687503340975764, [nan], 0.0, 0.0005367074614733815, 1.0, 0.48580315535250584, 0.48333282198538474, 0.4784171632944502, 0.4687503340994612, 0.0005367074590002503,0.002877000000012231, 0.00022400000000288856, 9.499999998752173e-05, 13:59:01  24-04-20,1e-19,host blossom-instance,msg localopt
91, 0.4858031546564026, 0.4833328219713962, 0.47841716329731154, 0.46875033481578166, [nan], 0.0, 0.0005367074666311132, 1.0, 0.48580315535250584, 0.48333282198538474, 0.4784171632944502, 0.4687503340994612, 0.0005367074590002503,0.002869000000032429, 0.0002319999999826905, 9.499999998752173e-05, 13:59:01  24-04-20,1e-19,host blossom-instance,msg localopt
92, 0.48580443129088424, 0.48334111336685476, 0.4784243193124714, 0.46876530869875477, [nan], 0.0, 0.0005359054936647354, 1.0, 0.48580443129088424, 0.48334111336685476, 0.4784243193124714, 0.46876530869875477, 0.0005359054936647354,0.002948999999944135, 0.0002250000000003638, 9.700000009615906e-05, 13:59:01  24-04-20,1e-19,host blossom-instance,msg localopt
93, 0.48580443129088424, 0.48334111336685476, 0.4784243193124714, 0.46876530869875477, [nan], 0.0, 0.0005359054936647354, 1.0, 0.48580443129088424, 0.48334111336685476, 0.4784243193124714, 0.46876530869875477, 0.0005359054936647354,0.0029460000000653963, 0.00022599999999783904, 9.799999997994746e-05, 13:59:01  24-04-20,1e-19,host blossom-instance,msg localopt
94, 0.48580443198698753, 0.4833411133808432, 0.47842431930961005, 0.4687653086996313, [nan], 0.0, 0.0005359054784586508, 1.0, 0.48580443198698753, 0.4833411133808432, 0.47842431930961005, 0.4687653086996313, 0.0005359054784586508,0.0029619999999113134, 0.00022400000000288856, 9.600000009868381e-05, 13:59:01  24-04-20,1e-19,host blossom-instance,msg localopt
95, 0.48580443129088424, 0.48334111343616815, 0.47842431930857926, 0.46876530869842864, [nan], 0.0, 0.0005359054943155665, 1.0, 0.48580443198698753, 0.4833411133808432, 0.47842431930961005, 0.4687653086996313, 0.0005359054784586508,0.002961000000027525, 0.0002250000000003638, 0.00011899999992692756, 13:59:01  24-04-20,1e-19,host blossom-instance,msg localopt
96, 0.48580443129088424, 0.48334111336685476, 0.47842431938023133, 0.46876530869774624, [nan], 0.0, 0.0005359054866669419, 1.0, 0.48580443198698753, 0.4833411133808432, 0.47842431930961005, 0.4687653086996313, 0.0005359054784586508,0.0029389999999693828, 0.0002230000000054133, 9.89999999774227e-05, 13:59:01  24-04-20,1e-19,host blossom-instance,msg localopt
97, 0.48580443129088424, 0.48334111336685476, 0.4784243193124714, 0.4687653094159515, [nan], 0.0, 0.000535905493026186, 1.0, 0.48580443198698753, 0.4833411133808432, 0.47842431930961005, 0.4687653086996313, 0.0005359054784586508,0.0030349999999543797, 0.00023400000009132782, 0.00010299999996732367, 13:59:01  24-04-20,1e-19,host blossom-instance,msg localopt
98, 0.48580754929771436, 0.4833552627797078, 0.47843955186680204, 0.4687964750661086, [nan], 0.0, 0.0005343830595656943, 1.0, 0.48580754929771436, 0.4833552627797078, 0.47843955186680204, 0.4687964750661086, 0.0005343830595656943,0.003054000000020096, 0.0002250000000003638, 9.599999998499698e-05, 13:59:01  24-04-20,1e-19,host blossom-instance,msg localopt
99, 0.48580754929771436, 0.4833552627797078, 0.47843955186680204, 0.4687964750661086, [nan], 0.0, 0.0005343830595656943, 1.0, 0.48580754929771436, 0.4833552627797078, 0.47843955186680204, 0.4687964750661086, 0.0005343830595656943,0.0030809999999519277, 0.00023200000009637733, 9.699999998247222e-05, 13:59:01  24-04-20,1e-19,host blossom-instance,msg localopt
100, 0.48580754999381764, 0.4833552627936963, 0.47843955186394066, 0.46879647506698513, [nan], 0.0, 0.0005343830355753845, 1.0, 0.48580754999381764, 0.4833552627936963, 0.47843955186394066, 0.46879647506698513, 0.0005343830355753845,0.00312399999995705, 0.0002230000000054133, 9.599999998499698e-05, 13:59:01  24-04-20,1e-19,host blossom-instance,msg localopt
101, 0.48580754929771436, 0.48335526284902125, 0.47843955186291, 0.4687964750657825, [nan], 0.0, 0.0005343830622072901, 1.0, 0.48580754999381764, 0.4833552627936963, 0.47843955186394066, 0.46879647506698513, 0.0005343830355753845,0.00319200000001274, 0.00022699999999531428, 9.599999998499698e-05, 13:59:01  24-04-20,1e-19,host blossom-instance,msg localopt
102, 0.48580754929771436, 0.4833552627797078, 0.47843955193456195, 0.46879647506510014, [nan], 0.0, 0.000534383051702427, 1.0, 0.48580754999381764, 0.4833552627936963, 0.47843955186394066, 0.46879647506698513, 0.0005343830355753845,0.0032820000000128857, 0.00022599999999783904, 9.999999997489795e-05, 13:59:01  24-04-20,1e-19,host blossom-instance,msg localopt
103, 0.48580754929771436, 0.4833552627797078, 0.47843955186680204, 0.46879647578330536, [nan], 0.0, 0.0005343830597187569, 1.0, 0.48580754999381764, 0.4833552627936963, 0.47843955186394066, 0.46879647506698513, 0.0005343830355753845,0.003202999999984968, 0.00023799999996754195, 9.399999999004649e-05, 13:59:01  24-04-20,1e-19,host blossom-instance,msg localopt
104, 0.4858144162201245, 0.4833806233211741, 0.47847097010985096, 0.46885998301808013, [nan], 0.0, 0.0005315218626522674, 1.0, 0.4858144162201245, 0.4833806233211741, 0.47847097010985096, 0.46885998301808013, 0.0005315218626522674,0.0033200000000306318, 0.00023799999996754195, 9.900000009110954e-05, 13:59:01  24-04-20,1e-19,host blossom-instance,msg localopt
105, 0.4858144162201245, 0.4833806233211741, 0.47847097010985096, 0.46885998301808013, [nan], 0.0, 0.0005315218626522674, 1.0, 0.4858144162201245, 0.4833806233211741, 0.47847097010985096, 0.46885998301808013, 0.0005315218626522674,0.0033439999999700376, 0.00023299999998016574, 0.00011800000004313915, 13:59:01  24-04-20,1e-19,host blossom-instance,msg localopt
106, 0.48581441691622773, 0.4833806233351626, 0.4784709701069895, 0.4688599830189564, [nan], 0.0, 0.0005315218257431048, 1.0, 0.48581441691622773, 0.4833806233351626, 0.4784709701069895, 0.4688599830189564, 0.0005315218257431048,0.003329000000007909, 0.00022899999999026477, 9.799999997994746e-05, 13:59:01  24-04-20,1e-19,host blossom-instance,msg localopt
107, 0.4858144162201245, 0.4833806233904875, 0.47847097010595885, 0.46885998301775395, [nan], 0.0, 0.0005315218682245157, 1.0, 0.48581441691622773, 0.4833806233351626, 0.4784709701069895, 0.4688599830189564, 0.0005315218257431048,0.0033929999999600113, 0.00024199999995744292, 9.900000009110954e-05, 13:59:01  24-04-20,1e-19,host blossom-instance,msg localopt
108, 0.4858144162201245, 0.4833806233211741, 0.47847097017761087, 0.4688599830170716, [nan], 0.0, 0.0005315218535213707, 1.0, 0.48581441691622773, 0.4833806233351626, 0.4784709701069895, 0.4688599830189564, 0.0005315218257431048,0.0033609999999271167, 0.00022700000010900112, 9.799999997994746e-05, 13:59:01  24-04-20,1e-19,host blossom-instance,msg localopt
109, 0.4858144162201245, 0.4833806233211741, 0.47847097010985096, 0.4688599837352768, [nan], 0.0, 0.0005315218639700603, 1.0, 0.48581441691622773, 0.4833806233351626, 0.4784709701069895, 0.4688599830189564, 0.0005315218257431048,0.0033850000000938962, 0.00022899999999026477, 9.89999999774227e-05, 13:59:01  24-04-20,1e-19,host blossom-instance,msg localopt
110, 0.485828958752554, 0.4834273996061776, 0.4785349666751317, 0.4689883587919671, [nan], 0.0, 0.0005262503070545783, 1.0, 0.485828958752554, 0.4834273996061776, 0.4785349666751317, 0.4689883587919671, 0.0005262503070545783,0.0034200000000055297, 0.00022899999999026477, 9.89999999774227e-05, 13:59:01  24-04-20,1e-19,host blossom-instance,msg localopt
111, 0.485828958752554, 0.4834273996061776, 0.4785349666751317, 0.4689883587919671, [nan], 0.0, 0.0005262503070545783, 1.0, 0.485828958752554, 0.4834273996061776, 0.4785349666751317, 0.4689883587919671, 0.0005262503070545783,0.003459000000020751, 0.0002230000000054133, 0.00010499999996227416, 13:59:01  24-04-20,1e-19,host blossom-instance,msg localopt
112, 0.4858289594486572, 0.4834273996201661, 0.4785349666722703, 0.46898835879284356, [nan], 0.0, 0.0005262502504653088, 1.0, 0.4858289594486572, 0.4834273996201661, 0.4785349666722703, 0.46898835879284356, 0.0005262502504653088,0.00348800000006122, 0.00022599999999783904, 0.00010199999996984843, 13:59:01  24-04-20,1e-19,host blossom-instance,msg localopt
113, 0.485828958752554, 0.483427399675491, 0.4785349666712396, 0.46898835879164097, [nan], 0.0, 0.0005262503170965055, 1.0, 0.4858289594486572, 0.4834273996201661, 0.4785349666722703, 0.46898835879284356, 0.0005262502504653088,0.003493000000048596, 0.00022200000000793807, 9.799999997994746e-05, 13:59:01  24-04-20,1e-19,host blossom-instance,msg localopt
114, 0.485828958752554, 0.4834273996061776, 0.4785349667428916, 0.4689883587909586, [nan], 0.0, 0.0005262502960024485, 1.0, 0.4858289594486572, 0.4834273996201661, 0.4785349666722703, 0.46898835879284356, 0.0005262502504653088,0.0034849999999551073, 0.00022100000001046283, 9.799999997994746e-05, 13:59:01  24-04-20,1e-19,host blossom-instance,msg localopt
115, 0.485828958752554, 0.4834273996061776, 0.4785349666751317, 0.46898835950916384, [nan], 0.0, 0.0005262503101446619, 1.0, 0.4858289594486572, 0.4834273996201661, 0.4785349666722703, 0.46898835879284356, 0.0005262502504653088,0.0035120000000006257, 0.00022699999999531428, 0.00010100000008606003, 13:59:01  24-04-20,1e-19,host blossom-instance,msg localopt
116, 0.48585915237518273, 0.4835150257787583, 0.4786643694025533, 0.4692465509596684, [nan], 0.0, 0.0005168520991993329, 1.0, 0.48585915237518273, 0.4835150257787583, 0.4786643694025533, 0.4692465509596684, 0.0005168520991993329,0.0035870000000386426, 0.00022400000000288856, 9.89999999774227e-05, 13:59:01  24-04-20,1e-19,host blossom-instance,msg localopt
117, 0.48585915237518273, 0.4835150257787583, 0.4786643694025533, 0.4692465509596684, [nan], 0.0, 0.0005168520991993329, 1.0, 0.48585915237518273, 0.4835150257787583, 0.4786643694025533, 0.4692465509596684, 0.0005168520991993329,0.0036189999999578504, 0.00026500000001306034, 0.00010100000008606003, 13:59:01  24-04-20,1e-19,host blossom-instance,msg localopt
118, 0.485859153071286, 0.48351502579274686, 0.4786643693996919, 0.4692465509605448, [nan], 0.0, 0.0005168520122662953, 1.0, 0.485859153071286, 0.48351502579274686, 0.4786643693996919, 0.4692465509605448, 0.0005168520122662953,0.0036710000000539367, 0.0002369999999700667, 0.00010399999996479892, 13:59:01  24-04-20,1e-19,host blossom-instance,msg localopt
119, 0.48585915237518273, 0.48351502584807177, 0.4786643693986612, 0.46924655095934226, [nan], 0.0, 0.0005168521161438434, 1.0, 0.485859153071286, 0.48351502579274686, 0.4786643693996919, 0.4692465509605448, 0.0005168520122662953,0.003769000000033884, 0.00023999999996249244, 9.699999998247222e-05, 13:59:01  24-04-20,1e-19,host blossom-instance,msg localopt
120, 0.48585915237518273, 0.4835150257787583, 0.4786643694703132, 0.46924655095865986, [nan], 0.0, 0.0005168520852052343, 1.0, 0.485859153071286, 0.48351502579274686, 0.4786643693996919, 0.4692465509605448, 0.0005168520122662953,0.003706000000079257, 0.00024099999995996768, 0.00010999999994965037, 13:59:01  24-04-20,1e-19,host blossom-instance,msg localopt
121, 0.48585915237518273, 0.4835150257787583, 0.4786643694025533, 0.46924655167686513, [nan], 0.0, 0.0005168521050077393, 1.0, 0.485859153071286, 0.48351502579274686, 0.4786643693996919, 0.4692465509605448, 0.0005168520122662953,0.003696999999988293, 0.00025300000004335743, 0.00010499999996227416, 13:59:01  24-04-20,1e-19,host blossom-instance,msg localopt
122, 0.4859207201654994, 0.48367933572865873, 0.4789230200163802, 0.469760535142594, [nan], 0.0, 0.0005009052680201043, 1.0, 0.4859207201654994, 0.48367933572865873, 0.4789230200163802, 0.469760535142594, 0.0005009052680201043,0.0039040000000341024, 0.000247000000058506, 0.00010399999996479892, 13:59:01  24-04-20,1e-19,host blossom-instance,msg localopt
123, 0.4859207201654994, 0.48367933572865873, 0.4789230200163802, 0.469760535142594, [nan], 0.0, 0.0005009052680201043, 1.0, 0.4859207201654994, 0.48367933572865873, 0.4789230200163802, 0.469760535142594, 0.0005009052680201043,0.003793999999970765, 0.00024600000006103073, 0.00010699999995722465, 13:59:01  24-04-20,1e-19,host blossom-instance,msg localopt
124, 0.4859207208616027, 0.4836793357426472, 0.4789230200135188, 0.46976053514347044, [nan], 0.0, 0.0005009051351369953, 1.0, 0.4859207208616027, 0.4836793357426472, 0.4789230200135188, 0.46976053514347044, 0.0005009051351369953,0.0038419999999632637, 0.0002550000000383079, 0.00010899999995217513, 13:59:01  24-04-20,1e-19,host blossom-instance,msg localopt
125, 0.4859207201654994, 0.4836793357979721, 0.47892302001248804, 0.46976053514226784, [nan], 0.0, 0.0005009052954422403, 1.0, 0.4859207208616027, 0.4836793357426472, 0.4789230200135188, 0.46976053514347044, 0.0005009051351369953,0.0038510000000542277, 0.0002729999999928623, 0.0001399999999875945, 13:59:01  24-04-20,1e-19,host blossom-instance,msg localopt
126, 0.4859207201654994, 0.48367933572865873, 0.4789230200841401, 0.4697605351415855, [nan], 0.0, 0.0005009052496179081, 1.0, 0.4859207208616027, 0.4836793357426472, 0.4789230200135188, 0.46976053514347044, 0.0005009051351369953,0.0038710000000037326, 0.00023900000007870403, 0.00010199999996984843, 13:59:01  24-04-20,1e-19,host blossom-instance,msg localopt
127, 0.4859207201654994, 0.48367933572865873, 0.4789230200163802, 0.4697605358597908, [nan], 0.0, 0.000500905277880106, 1.0, 0.4859207208616027, 0.4836793357426472, 0.4789230200135188, 0.46976053514347044, 0.0005009051351369953,0.00390099999992799, 0.0002640000000155851, 0.00011000000006333721, 13:59:01  24-04-20,1e-19,host blossom-instance,msg localopt
128, 0.48604160980494493, 0.48397867826115576, 0.4794225611189732, 0.47075001469377026, [nan], 0.0, 0.0004753572237743742, 1.0, 0.48604160980494493, 0.48397867826115576, 0.4794225611189732, 0.47075001469377026, 0.0004753572237743742,0.003961000000003878, 0.0002459999999473439, 0.00011400000005323818, 13:59:01  24-04-20,1e-19,host blossom-instance,msg localopt
129, 0.48604160980494493, 0.48397867826115576, 0.4794225611189732, 0.47075001469377026, [nan], 0.0, 0.0004753572237743742, 1.0, 0.48604160980494493, 0.48397867826115576, 0.4794225611189732, 0.47075001469377026, 0.0004753572237743742,0.003982999999948333, 0.0002610000000231594, 0.00010499999996227416, 13:59:01  24-04-20,1e-19,host blossom-instance,msg localopt
130, 0.4860416105010482, 0.48397867827514424, 0.47942256111611187, 0.4707500146946467, [nan], 0.0, 0.0004753570264923715, 1.0, 0.4860416105010482, 0.48397867827514424, 0.47942256111611187, 0.4707500146946467, 0.0004753570264923715,0.004120999999940977, 0.0002820000000838263, 0.00011499999993702659, 13:59:01  24-04-20,1e-19,host blossom-instance,msg localopt
131, 0.48604160980494493, 0.48397867833046915, 0.47942256111508114, 0.4707500146934441, [nan], 0.0, 0.00047535726594142907, 1.0, 0.4860416105010482, 0.48397867827514424, 0.47942256111611187, 0.4707500146946467, 0.0004753570264923715,0.004173000000037064, 0.00027000000000043656, 0.00011099999994712562, 13:59:01  24-04-20,1e-19,host blossom-instance,msg localopt
132, 0.48604160980494493, 0.48397867826115576, 0.47942256118673315, 0.47075001469276173, [nan], 0.0, 0.00047535719931296287, 1.0, 0.4860416105010482, 0.48397867827514424, 0.47942256111611187, 0.4707500146946467, 0.0004753570264923715,0.004079999999930806, 0.00025300000004335743, 0.00010799999995469989, 13:59:01  24-04-20,1e-19,host blossom-instance,msg localopt
133, 0.48604160980494493, 0.48397867826115576, 0.4794225611189732, 0.47075001541096695, [nan], 0.0, 0.00047535723906969507, 1.0, 0.4860416105010482, 0.48397867827514424, 0.47942256111611187, 0.4707500146946467, 0.0004753570264923715,0.004047000000014123, 0.0002640000000155851, 0.0001059999999597494, 13:59:01  24-04-20,1e-19,host blossom-instance,msg localopt
134, 0.4862578204148762, 0.48447687062236294, 0.4803030864732601, 0.4724898681878176, [nan], 0.0, 0.0004351259368615815, 1.0, 0.4862578204148762, 0.48447687062236294, 0.4803030864732601, 0.4724898681878176, 0.0004351259368615815,0.0041119999999637, 0.00023900000007870403, 0.00010699999995722465, 13:59:01  24-04-20,1e-19,host blossom-instance,msg localopt
135, 0.4862578204148762, 0.48447687062236294, 0.4803030864732601, 0.4724898681878176, [nan], 0.0, 0.0004351259368615815, 1.0, 0.4862578204148762, 0.48447687062236294, 0.4803030864732601, 0.4724898681878176, 0.0004351259368615815,0.004169000000047163, 0.00024299999995491817, 0.00010699999995722465, 13:59:01  24-04-20,1e-19,host blossom-instance,msg localopt
136, 0.4862578211109794, 0.48447687063635136, 0.48030308647039865, 0.47248986818869404, [nan], 0.0, 0.00043512566571897535, 1.0, 0.4862578211109794, 0.48447687063635136, 0.48030308647039865, 0.47248986818869404, 0.00043512566571897535,0.004269000000022061, 0.0002590000000282089, 0.0001199999999244028, 13:59:01  24-04-20,1e-19,host blossom-instance,msg localopt
137, 0.4862578204148762, 0.48447687069167633, 0.480303086469368, 0.47248986818749145, [nan], 0.0, 0.00043512599607981733, 1.0, 0.4862578211109794, 0.48447687063635136, 0.48030308647039865, 0.47248986818869404, 0.00043512566571897535,0.004309000000034757, 0.00026300000001810986, 0.00010499999996227416, 13:59:01  24-04-20,1e-19,host blossom-instance,msg localopt
138, 0.4862578204148762, 0.48447687062236294, 0.48030308654102, 0.4724898681868091, [nan], 0.0, 0.0004351259057474409, 1.0, 0.4862578211109794, 0.48447687063635136, 0.48030308647039865, 0.47248986818869404, 0.00043512566571897535,0.004245999999966443, 0.0002660000000105356, 0.00011100000006081245, 13:59:01  24-04-20,1e-19,host blossom-instance,msg localopt
139, 0.4862578204148762, 0.48447687062236294, 0.4803030864732601, 0.4724898689050143, [nan], 0.0, 0.000435125957670796, 1.0, 0.4862578211109794, 0.48447687063635136, 0.48030308647039865, 0.47248986818869404, 0.00043512566571897535,0.004262999999923522, 0.00027000000000043656, 0.00011000000006333721, 13:59:01  24-04-20,1e-19,host blossom-instance,msg localopt
140, 0.48660068309862214, 0.4852159783420473, 0.4816826080724506, 0.4752121425759964, [nan], 0.0, 0.0003694304151303537, 1.0, 0.48660068309862214, 0.4852159783420473, 0.4816826080724506, 0.4752121425759964, 0.0003694304151303537,0.004343999999946391, 0.00025300000004335743, 0.00012000000003808964, 13:59:01  24-04-20,1e-19,host blossom-instance,msg localopt
141, 0.48660068309862214, 0.4852159783420473, 0.4816826080724506, 0.4752121425759964, [nan], 0.0, 0.0003694304151303537, 1.0, 0.48660068309862214, 0.4852159783420473, 0.4816826080724506, 0.4752121425759964, 0.0003694304151303537,0.004303999999933694, 0.00026700000000801083, 0.00012500000002546585, 13:59:01  24-04-20,1e-19,host blossom-instance,msg localopt
142, 0.4866006837947254, 0.4852159783560358, 0.4816826080695893, 0.47521214257687283, [nan], 0.0, 0.00036943008366233164, 1.0, 0.4866006837947254, 0.4852159783560358, 0.4816826080695893, 0.47521214257687283, 0.00036943008366233164,0.004419999999981883, 0.00026500000001306034, 0.00012500000002546585, 13:59:01  24-04-20,1e-19,host blossom-instance,msg localopt
143, 0.48660068309862214, 0.4852159784113607, 0.4816826080685585, 0.47521214257567035, [nan], 0.0, 0.00036943048857807136, 1.0, 0.4866006837947254, 0.4852159783560358, 0.4816826080695893, 0.47521214257687283, 0.00036943008366233164,0.004909999999995307, 0.0003000000000383807, 0.00012399999991430377, 13:59:01  24-04-20,1e-19,host blossom-instance,msg localopt
144, 0.48660068309862214, 0.4852159783420473, 0.4816826081402105, 0.4752121425749879, [nan], 0.0, 0.00036943037927163387, 1.0, 0.4866006837947254, 0.4852159783560358, 0.4816826080695893, 0.47521214257687283, 0.00036943008366233164,0.004591000000004897, 0.0002800000000888758, 0.00015099999995982216, 13:59:01  24-04-20,1e-19,host blossom-instance,msg localopt
145, 0.48660068309862214, 0.4852159783420473, 0.4816826080724506, 0.47521214329319317, [nan], 0.0, 0.0003694304385954294, 1.0, 0.4866006837947254, 0.4852159783560358, 0.4816826080695893, 0.47521214257687283, 0.00036943008366233164,0.004563999999959378, 0.0002800000000888758, 0.00010899999995217513, 13:59:01  24-04-20,1e-19,host blossom-instance,msg localopt
146, 0.48712686305308406, 0.48628744355987386, 0.48378074523616454, 0.47935347860743915, [nan], 0.0, 0.00026239608577862723, 1.0, 0.48712686305308406, 0.48628744355987386, 0.48378074523616454, 0.47935347860743915, 0.00026239608577862723,0.004493000000024949, 0.0002599999999119973, 0.00011400000005323818, 13:59:01  24-04-20,1e-19,host blossom-instance,msg localopt
147, 0.48712686305308406, 0.48628744355987386, 0.48378074523616454, 0.47935347860743915, [nan], 0.0, 0.00026239608577862723, 1.0, 0.48712686305308406, 0.48628744355987386, 0.48378074523616454, 0.47935347860743915, 0.00026239608577862723,0.004589000000009946, 0.00025600000003578316, 0.00012599999990925426, 13:59:01  24-04-20,1e-19,host blossom-instance,msg localopt
148, 0.48712686374918734, 0.4862874435738623, 0.4837807452333032, 0.47935347860831556, [nan], 0.0, 0.0002623957323887525, 1.0, 0.48712686374918734, 0.4862874435738623, 0.4837807452333032, 0.47935347860831556, 0.0002623957323887525,0.00467100000003029, 0.0002590000000282089, 0.00012300000003051537, 13:59:01  24-04-20,1e-19,host blossom-instance,msg localopt
149, 0.48712686305308406, 0.48628744362918724, 0.48378074523227244, 0.479353478607113, [nan], 0.0, 0.0002623961651619165, 1.0, 0.48712686374918734, 0.4862874435738623, 0.4837807452333032, 0.47935347860831556, 0.0002623957323887525,0.004599999999982174, 0.00026500000001306034, 0.0001199999999244028, 13:59:01  24-04-20,1e-19,host blossom-instance,msg localopt
150, 0.48712686305308406, 0.48628744355987386, 0.4837807453039245, 0.4793534786064306, [nan], 0.0, 0.00026239605000056296, 1.0, 0.48712686374918734, 0.4862874435738623, 0.4837807452333032, 0.47935347860831556, 0.0002623957323887525,0.0045570000000907385, 0.00026799999989179923, 0.00010900000006586197, 13:59:01  24-04-20,1e-19,host blossom-instance,msg localopt
151, 0.48712686305308406, 0.48628744355987386, 0.48378074523616454, 0.47935347932463584, [nan], 0.0, 0.00026239610488464787, 1.0, 0.48712686374918734, 0.4862874435738623, 0.4837807452333032, 0.47935347860831556, 0.0002623957323887525,0.004623000000037791, 0.00025399999992714584, 0.00016700000003311288, 13:59:01  24-04-20,1e-19,host blossom-instance,msg localopt
152, 0.48793840234711616, 0.4878483828463958, 0.48699388518982123, 0.4857126260788913, [nan], 0.0, 0.00010969197447301039, 1.0, 0.48793840234711616, 0.4878483828463958, 0.48699388518982123, 0.4857126260788913, 0.00010969197447301039,0.0046780000000126165, 0.00025800000003073364, 0.00012299999991682853, 13:59:01  24-04-20,1e-19,host blossom-instance,msg localopt
153, 0.48793840234711616, 0.4878483828463958, 0.48699388518982123, 0.4857126260788913, [nan], 0.0, 0.00010969197447301039, 1.0, 0.48793840234711616, 0.4878483828463958, 0.48699388518982123, 0.4857126260788913, 0.00010969197447301039,0.0048160000000052605, 0.0002779999999802385, 0.00011199999994460086, 13:59:01  24-04-20,1e-19,host blossom-instance,msg localopt
154, 0.4879384030432194, 0.4878483828603843, 0.4869938851869598, 0.4857126260797678, [nan], 0.0, 0.00010969169155768158, 1.0, 0.4879384030432194, 0.4878483828603843, 0.4869938851869598, 0.4857126260797678, 0.00010969169155768158,0.004797000000053231, 0.0002640000000155851, 0.00011399999993955134, 13:59:01  24-04-20,1e-19,host blossom-instance,msg localopt
155, 0.48793840234711616, 0.4878483829157092, 0.4869938851859291, 0.4857126260785652, [nan], 0.0, 0.00010969203937656269, 1.0, 0.4879384030432194, 0.4878483828603843, 0.4869938851869598, 0.4857126260797678, 0.00010969169155768158,0.0047660000000178115, 0.0002550000000383079, 0.0001199999999244028, 13:59:01  24-04-20,1e-19,host blossom-instance,msg localopt
156, 0.48793840234711616, 0.4878483828463958, 0.48699388525758114, 0.4857126260778828, [nan], 0.0, 0.00010969194944377983, 1.0, 0.4879384030432194, 0.4878483828603843, 0.4869938851869598, 0.4857126260797678, 0.00010969169155768158,0.00474599999995462, 0.000247000000058506, 0.00011099999994712562, 13:59:01  24-04-20,1e-19,host blossom-instance,msg localopt
157, 0.48793840234711616, 0.4878483828463958, 0.48699388518982123, 0.48571262679608807, [nan], 0.0, 0.00010969197610456045, 1.0, 0.4879384030432194, 0.4878483828603843, 0.4869938851869598, 0.4857126260797678, 0.00010969169155768158,0.004716000000030363, 0.00024499999994986865, 0.00010700000007091148, 13:59:01  24-04-20,1e-19,host blossom-instance,msg localopt
158, 0.488399163958506, 0.48863525062134094, 0.48879923702726996, 0.4893262625807237, [nan], 0.0, 2.2778606958551125e-05, 1.0, 0.488399163958506, 0.48863525062134094, 0.48879923702726996, 0.4893262625807237, 2.2778606958551125e-05,0.004820999999992637, 0.0002550000000383079, 0.00011300000005576294, 13:59:01  24-04-20,1e-19,host blossom-instance,msg localopt
159, 0.488399163958506, 0.48863525062134094, 0.48879923702726996, 0.4893262625807237, [nan], 0.0, 2.2778606958551125e-05, 1.0, 0.488399163958506, 0.48863525062134094, 0.48879923702726996, 0.4893262625807237, 2.2778606958551125e-05,0.004817000000002736, 0.00024699999994481914, 0.00011400000005323818, 13:59:01  24-04-20,1e-19,host blossom-instance,msg localopt
160, 0.4883991646546093, 0.48863525063532937, 0.4887992370244086, 0.48932626258160006, [nan], 0.0, 2.2778476025603207e-05, 1.0, 0.4883991646546093, 0.48863525063532937, 0.4887992370244086, 0.48932626258160006, 2.2778476025603207e-05,0.004993000000013126, 0.0003050000000257569, 0.00011800000004313915, 13:59:01  24-04-20,1e-19,host blossom-instance,msg localopt
161, 0.488399163958506, 0.48863525069065433, 0.48879923702337785, 0.4893262625803975, [nan], 0.0, 2.277863683368226e-05, 1.0, 0.4883991646546093, 0.48863525063532937, 0.4887992370244086, 0.48932626258160006, 2.2778476025603207e-05,0.004951000000005479, 0.00029000000006362825, 0.00011799999992945231, 13:59:02  24-04-20,1e-19,host blossom-instance,msg localopt
162, 0.488399163958506, 0.48863525062134094, 0.48879923709502987, 0.4893262625797152, [nan], 0.0, 2.277859546451938e-05, 1.0, 0.4883991646546093, 0.48863525063532937, 0.4887992370244086, 0.48932626258160006, 2.2778476025603207e-05,0.005083000000013271, 0.00029700000004595495, 0.00011599999993450183, 13:59:02  24-04-20,1e-19,host blossom-instance,msg localopt
163, 0.488399163958506, 0.48863525062134094, 0.48879923702726996, 0.48932626329792045, [nan], 0.0, 2.2778612066004384e-05, 1.0, 0.4883991646546093, 0.48863525063532937, 0.4887992370244086, 0.48932626258160006, 2.2778476025603207e-05,0.004984000000035849, 0.0002829999999676147, 0.0001120000000582877, 13:59:02  24-04-20,1e-19,host blossom-instance,msg localopt
164, 0.4883931982215355, 0.48853076237828236, 0.48874763440871555, 0.48923735154091386, [nan], 0.0, 2.17074217994288e-06, 1.0, 0.4883931982215355, 0.48853076237828236, 0.48874763440871555, 0.48923735154091386, 2.17074217994288e-06,0.005085000000008222, 0.00027699999998276326, 0.00013000000001284207, 13:59:02  24-04-20,1e-19,host blossom-instance,msg localopt
165, 0.4883931982215355, 0.48853076237828236, 0.48874763440871555, 0.48923735154091386, [nan], 0.0, 2.17074217994288e-06, 1.0, 0.4883931982215355, 0.48853076237828236, 0.48874763440871555, 0.48923735154091386, 2.17074217994288e-06,0.005182999999988169, 0.00027400000010402437, 0.00011199999994460086, 13:59:02  24-04-20,1e-19,host blossom-instance,msg localopt
166, 0.48839319891763877, 0.4885307623922709, 0.48874763440585417, 0.4892373515417902, [nan], 0.0, 2.1707142347864913e-06, 1.0, 0.48839319891763877, 0.4885307623922709, 0.48874763440585417, 0.4892373515417902, 2.1707142347864913e-06,0.0050420000000030996, 0.0002729999999928623, 0.0001190000000406144, 13:59:02  24-04-20,1e-19,host blossom-instance,msg localopt
167, 0.4883931982215355, 0.48853076244759575, 0.4887476344048235, 0.4892373515405878, [nan], 0.0, 2.1707478605209043e-06, 1.0, 0.48839319891763877, 0.4885307623922709, 0.48874763440585417, 0.4892373515417902, 2.1707142347864913e-06,0.0051090000000613145, 0.00028399999996508996, 0.00011199999994460086, 13:59:02  24-04-20,1e-19,host blossom-instance,msg localopt
168, 0.4883931982215355, 0.48853076237828236, 0.48874763447647546, 0.48923735153990533, [nan], 0.0, 2.170737958765086e-06, 1.0, 0.48839319891763877, 0.4885307623922709, 0.48874763440585417, 0.4892373515417902, 2.1707142347864913e-06,0.005556000000069616, 0.0002729999999928623, 0.00012100000003556488, 13:59:02  24-04-20,1e-19,host blossom-instance,msg localopt
169, 0.4883931982215355, 0.48853076237828236, 0.48874763440871555, 0.4892373522581106, [nan], 0.0, 2.170755949775993e-06, 1.0, 0.48839319891763877, 0.4885307623922709, 0.48874763440585417, 0.4892373515417902, 2.1707142347864913e-06,0.005673999999999069, 0.0002939999999398424, 0.00011800000004313915, 13:59:02  24-04-20,1e-19,host blossom-instance,msg localopt
170, 0.4883131327640286, 0.48834635769203366, 0.48841224297352337, 0.4885510890007444, [nan], 0.0, 1.2065066316396086e-07, 1.0, 0.4883131327640286, 0.48834635769203366, 0.48841224297352337, 0.4885510890007444, 1.2065066316396086e-07,0.0053210000000945, 0.00026399999990189826, 0.00010900000006586197, 13:59:02  24-04-20,1e-19,host blossom-instance,msg localopt
171, 0.4883131327640286, 0.48834635769203366, 0.48841224297352337, 0.4885510890007444, [nan], 0.0, 1.2065066316396086e-07, 1.0, 0.4883131327640286, 0.48834635769203366, 0.48841224297352337, 0.4885510890007444, 1.2065066316396086e-07,0.005268000000000939, 0.00025600000003578316, 0.00013699999999516876, 13:59:02  24-04-20,1e-19,host blossom-instance,msg localopt
172, 0.48831313346013183, 0.4883463577060221, 0.48841224297066194, 0.48855108900162086, [nan], 0.0, 1.2064932861341063e-07, 1.0, 0.48831313346013183, 0.4883463577060221, 0.48841224297066194, 0.48855108900162086, 1.2064932861341063e-07,0.005298000000038883, 0.00026800000000548607, 0.00011399999993955134, 13:59:02  24-04-20,1e-19,host blossom-instance,msg localopt
173, 0.4883131327640286, 0.48834635776134705, 0.4884122429696312, 0.4885510890004182, [nan], 0.0, 1.2065073165938631e-07, 1.0, 0.48831313346013183, 0.4883463577060221, 0.48841224297066194, 0.48855108900162086, 1.2064932861341063e-07,0.005290000000059081, 0.00027000000000043656, 0.00011599999993450183, 13:59:02  24-04-20,1e-19,host blossom-instance,msg localopt
174, 0.4883131327640286, 0.48834635769203366, 0.4884122430412833, 0.48855108899973587, [nan], 0.0, 1.206498857261772e-07, 1.0, 0.48831313346013183, 0.4883463577060221, 0.48841224297066194, 0.48855108900162086, 1.2064932861341063e-07,0.005304000000023734, 0.00026300000001810986, 0.00011100000006081245, 13:59:02  24-04-20,1e-19,host blossom-instance,msg localopt
175, 0.4883131327640286, 0.48834635769203366, 0.48841224297352337, 0.48855108971794114, [nan], 0.0, 1.206553668558609e-07, 1.0, 0.48831313346013183, 0.4883463577060221, 0.48841224297066194, 0.48855108900162086, 1.2064932861341063e-07,0.00534200000004148, 0.0002879999999549909, 0.00011400000005323818, 13:59:02  24-04-20,1e-19,host blossom-instance,msg localopt
176, 0.48828324729609035, 0.48828471525282374, 0.4882892555415718, 0.4882978509788799, [nan], 0.0, 1.0840342097298912e-09, 1.0, 0.48828324729609035, 0.48828471525282374, 0.4882892555415718, 0.4882978509788799, 1.0840342097298912e-09,0.005341000000044005, 0.0002879999999549909, 0.0001129999999420761, 13:59:02  24-04-20,1e-19,host blossom-instance,msg localopt
177, 0.48828324729609035, 0.48828471525282374, 0.4882892555415718, 0.4882978509788799, [nan], 0.0, 1.0840342097298912e-09, 1.0, 0.48828324729609035, 0.48828471525282374, 0.4882892555415718, 0.4882978509788799, 1.0840342097298912e-09,0.005346000000031381, 0.00027199999999538704, 0.0001129999999420761, 13:59:02  24-04-20,1e-19,host blossom-instance,msg localopt
178, 0.48828324799219364, 0.4882847152668123, 0.4882892555387104, 0.48829785097975625, [nan], 0.0, 1.0846343398487266e-09, 1.0, 0.48828324729609035, 0.48828471525282374, 0.4882892555415718, 0.4882978509788799, 1.0840342097298912e-09,0.005391000000031454, 0.000279999999975189, 0.00011600000004818867, 13:59:02  24-04-20,1e-19,host blossom-instance,msg localopt
179, 0.48828324729609035, 0.48828471532213713, 0.4882892555376797, 0.4882978509785538, [nan], 0.0, 1.0838803628833305e-09, 1.0, 0.48828324729609035, 0.48828471532213713, 0.4882892555376797, 0.4882978509785538, 1.0838803628833305e-09,0.00562600000000657, 0.00029599999993479287, 0.00011700000004566391, 13:59:02  24-04-20,1e-19,host blossom-instance,msg localopt
180, 0.48828324729609035, 0.48828471525282374, 0.48828925560933173, 0.48829785097787143, [nan], 0.0, 1.084032329014528e-09, 1.0, 0.48828324729609035, 0.48828471532213713, 0.4882892555376797, 0.4882978509785538, 1.0838803628833305e-09,0.005421000000069398, 0.00028099999997266423, 0.00012700000002041634, 13:59:02  24-04-20,1e-19,host blossom-instance,msg localopt
181, 0.48828324729609035, 0.48828471525282374, 0.4882892555415718, 0.48829785169607665, [nan], 0.0, 1.0843892444696875e-09, 1.0, 0.48828324729609035, 0.48828471532213713, 0.4882892555376797, 0.4882978509785538, 1.0838803628833305e-09,0.0054810000000315995, 0.0002779999999802385, 0.00011600000004818867, 13:59:02  24-04-20,1e-19,host blossom-instance,msg localopt
182, 0.48828122559109594, 0.48828114851887733, 0.4882811389219436, 0.48828104275988293, [nan], 0.0, 4.8951456814633475e-12, 1.0, 0.48828122559109594, 0.48828114851887733, 0.4882811389219436, 0.48828104275988293, 4.8951456814633475e-12,0.005550999999968553, 0.000339000000053602, 0.0001269999999067295, 13:59:02  24-04-20,1e-19,host blossom-instance,msg localopt
183, 0.48828122559109594, 0.48828114851887733, 0.4882811389219436, 0.48828104275988293, [nan], 0.0, 4.8951456814633475e-12, 1.0, 0.48828122559109594, 0.48828114851887733, 0.4882811389219436, 0.48828104275988293, 4.8951456814633475e-12,0.005625000000009095, 0.0002849999999625652, 0.0001190000000406144, 13:59:02  24-04-20,1e-19,host blossom-instance,msg localopt
184, 0.4882812262871992, 0.48828114853286586, 0.4882811389190822, 0.48828104276075934, [nan], 0.0, 4.954384460182593e-12, 1.0, 0.48828122559109594, 0.48828114851887733, 0.4882811389219436, 0.48828104275988293, 4.8951456814633475e-12,0.005570999999918058, 0.0002690000000029613, 0.00011700000004566391, 13:59:02  24-04-20,1e-19,host blossom-instance,msg localopt
185, 0.48828122559109594, 0.4882811485881907, 0.48828113891805147, 0.48828104275955664, [nan], 0.0, 4.8811470549442346e-12, 1.0, 0.48828122559109594, 0.4882811485881907, 0.48828113891805147, 0.48828104275955664, 4.8811470549442346e-12,0.005606000000057065, 0.0002729999999928623, 0.00011699999993197707, 13:59:02  24-04-20,1e-19,host blossom-instance,msg localopt
186, 0.48828122559109594, 0.48828114851887733, 0.4882811389897035, 0.4882810427588744, [nan], 0.0, 4.898606807175391e-12, 1.0, 0.48828122559109594, 0.4882811485881907, 0.48828113891805147, 0.48828104275955664, 4.8811470549442346e-12,0.005543999999986227, 0.0002570000000332584, 0.00012399999991430377, 13:59:02  24-04-20,1e-19,host blossom-instance,msg localopt
187, 0.48828122559109594, 0.48828114851887733, 0.4882811389219436, 0.4882810434770797, [nan], 0.0, 4.9043352935356245e-12, 1.0, 0.48828122559109594, 0.4882811485881907, 0.48828113891805147, 0.48828104275955664, 4.8811470549442346e-12,0.005502000000092266, 0.00026799999989179923, 0.00011400000005323818, 13:59:02  24-04-20,1e-19,host blossom-instance,msg localopt
188, 0.48828122066322044, 0.48828119093194533, 0.488281133395376, 0.4882810160122563, [nan], 0.0, 7.657555611289949e-14, 1.0, 0.48828122066322044, 0.48828119093194533, 0.488281133395376, 0.4882810160122563, 7.657555611289949e-14,0.005666000000019267, 0.00026300000001810986, 0.00011199999994460086, 13:59:02  24-04-20,1e-19,host blossom-instance,msg localopt
189, 0.48828122066322044, 0.48828119093194533, 0.488281133395376, 0.4882810160122563, [nan], 0.0, 7.657555611289949e-14, 1.0, 0.48828122066322044, 0.48828119093194533, 0.488281133395376, 0.4882810160122563, 7.657555611289949e-14,0.005759000000011838, 0.00028099999997266423, 0.00014500000008865754, 13:59:02  24-04-20,1e-19,host blossom-instance,msg localopt
190, 0.4882812213593237, 0.4882811909459338, 0.48828113339251455, 0.48828101601313284, [nan], 0.0, 7.761143199342164e-14, 1.0, 0.48828122066322044, 0.48828119093194533, 0.488281133395376, 0.4882810160122563, 7.657555611289949e-14,0.005760000000009313, 0.0002899999999499414, 0.0001120000000582877, 13:59:02  24-04-20,1e-19,host blossom-instance,msg localopt
191, 0.48828122066322044, 0.4882811910012587, 0.4882811333914839, 0.48828101601193014, [nan], 0.0, 7.634469448027317e-14, 1.0, 0.48828122066322044, 0.4882811910012587, 0.4882811333914839, 0.48828101601193014, 7.634469448027317e-14,0.0056939999999485735, 0.0002620000000206346, 0.00011399999993955134, 13:59:02  24-04-20,1e-19,host blossom-instance,msg localopt
192, 0.48828122066322044, 0.48828119093194533, 0.4882811334631359, 0.4882810160112478, [nan], 0.0, 7.669525382934284e-14, 1.0, 0.48828122066322044, 0.4882811910012587, 0.4882811333914839, 0.48828101601193014, 7.634469448027317e-14,0.005819000000087726, 0.00027899999997771374, 0.00011899999992692756, 13:59:02  24-04-20,1e-19,host blossom-instance,msg localopt
193, 0.48828122066322044, 0.48828119093194533, 0.488281133395376, 0.48828101672945307, [nan], 0.0, 7.632291729112283e-14, 1.0, 0.48828122066322044, 0.48828119093194533, 0.488281133395376, 0.48828101672945307, 7.632291729112283e-14,0.006337000000030457, 0.0003400000000510772, 0.00013500000000021828, 13:59:02  24-04-20,1e-19,host blossom-instance,msg localopt
194, 0.48828122066322044, 0.48828119093194533, 0.488281133395376, 0.48828101672945307, [nan], 0.0, 7.632291729112283e-14, 1.0, 0.48828122066322044, 0.48828119093194533, 0.488281133395376, 0.48828101672945307, 7.632291729112283e-14,0.007164999999986321, 0.0002549999999246211, 0.0001190000000406144, 13:59:02  24-04-20,1e-19,host blossom-instance,msg localopt is complete       fun: 7.65e-14; hess_inv: array([[2.69e+00  5.10e+01  1.07e+02  1.99e+01] ;       [5.10e+01  1.01e+03  2.14e+03  3.96e+02] ;       [1.07e+02  2.14e+03  4.57e+03  8.47e+02] ;       [1.99e+01  3.96e+02  8.47e+02  1.57e+02]]);      jac: array([ 6.95e-08  -1.54e-08   8.03e-09  -1.69e-08]);  message: 'Optimization terminated successfully.';     nfev: 180;      nit: 29;     njev: 30;   status: 0;  success: True;        x: array([ 10.45  102.86  113.72   10.33 ])
